行ID,订单ID,订单日期,发货日期,邮寄方式,客户ID,客户名称,细分,城市,省/自治区,国家,地区,产品ID,类别,子类别,产品名称,销售额,数量,折扣,利润
1,CN-2016-0000001,2016/1/1,2016/1/3,二级,AG6WSLLXZY52,prateeqSuraj,公司,常德,湖南,中国,中南,B09F9YQQ7B,Electronics|HomeTheater,Electronics|HomeTheater,"Redmi 80, cm",5288.85,3,0.25,-634.83
2,CN-2016-0000002,2016/1/1,2016/1/3,二级,AF2XXVO7JUBU,DeepaakSingh,公司,常德,湖南,中国,中南,B09KLVMZ3B,Computers|Accessories,Computers|Accessories,"Portronics Konnect, L",1607.34,3,0.0,610.68
3,CN-2016-0000003,2016/1/1,2016/1/3,二级,AF2XXVO7JUBU,DeepaakSingh,公司,常德,湖南,中国,中南,B09KLVMZ3B,Computers|Accessories,Computers|Accessories,"Portronics Konnect, L",1607.34,3,0.0,610.68
4,CN-2016-0000004,2016/1/1,2016/1/3,二级,AEOIHOJD3O5M,RaviShankarP,公司,常德,湖南,中国,中南,B0B86CDHL1,Computers|Accessories,Computers|Accessories,"oraimo 65W, Type",3304.7,5,0.0,1321.6
5,CN-2016-0000005,2016/1/1,2016/1/3,二级,AEOIHOJD3O5M,RaviShankarP,公司,常德,湖南,中国,中南,B0B86CDHL1,Computers|Accessories,Computers|Accessories,"oraimo 65W, Type",3304.7,5,0.0,1321.6
6,CN-2016-0000006,2016/1/2,2016/1/9,标准级,AHZWJCVEIEI7,AmazonCustom,公司,上海,上海,中国,华东,B09W5XR9RT,Computers|Accessories,Computers|Accessories,"Duracell USB, C",6919.08,3,0.0,691.74
7,CN-2016-0000007,2016/1/2,2016/1/9,标准级,AHZWJCVEIEI7,AmazonCustom,公司,上海,上海,中国,华东,B09W5XR9RT,Computers|Accessories,Computers|Accessories,"Duracell USB, C",6919.08,3,0.0,691.74
8,CN-2016-0000008,2016/1/2,2016/1/9,标准级,AHJJY3GFDJFT,AtulyaSinhaS,公司,上海,上海,中国,华东,B09TWH8YHM,Electronics|Mobiles&Accessories,Electronics|Mobiles&Accessories,"Samsung Galaxy, M33",2074.24,8,0.0,414.4
9,CN-2016-0000009,2016/1/2,2016/1/7,二级,AHRUMHBZ7IAQ,KoushalKJain,消费者,江口,福建,中国,华东,B09C6HWG18,Computers|Accessories,Computers|Accessories,"Duracell Type, C",388.64,1,0.0,23.24
10,CN-2016-0000010,2016/1/2,2016/1/7,二级,AHRUMHBZ7IAQ,KoushalKJain,消费者,江口,福建,中国,华东,B09C6HWG18,Computers|Accessories,Computers|Accessories,"Duracell Type, C",388.64,1,0.0,23.24
11,CN-2016-0000011,2016/1/2,2016/1/7,二级,AHBNKB74LGTY,NIRMAL.NMano,消费者,江口,福建,中国,华东,B08DPLCM6T,Electronics|HomeTheater,Electronics|HomeTheater,"LG 80, cm",252.84,2,0.0,83.16
12,CN-2016-0000012,2016/1/2,2016/1/7,二级,AHBNKB74LGTY,NIRMAL.NMano,消费者,江口,福建,中国,华东,B08DPLCM6T,Electronics|HomeTheater,Electronics|HomeTheater,"LG 80, cm",252.84,2,0.0,83.16
13,CN-2016-0000013,2016/1/2,2016/1/7,二级,AGUAYQHARAKR,PriyaMansiPl,消费者,江口,福建,中国,华东,B085DTN6R2,Computers|Accessories,Computers|Accessories,"Portronics Konnect, CL",2034.9,3,0.0,793.38
14,CN-2016-0000014,2016/1/2,2016/1/7,二级,AGUAYQHARAKR,PriyaMansiPl,消费者,江口,福建,中国,华东,B085DTN6R2,Computers|Accessories,Computers|Accessories,"Portronics Konnect, CL",2034.9,3,0.0,793.38
15,CN-2016-0000015,2016/1/2,2016/1/7,二级,AGA2PZGWMQIR,nileshEAGLEM,消费者,江口,福建,中国,华东,B002PD61Y4,Computers|NetworkingDevices,Computers|NetworkingDevices,"D-Link DWA-131, 300",20871.06,7,0.0,9808.82
16,CN-2016-0000016,2016/1/2,2016/1/7,二级,AGA2PZGWMQIR,nileshEAGLEM,消费者,江口,福建,中国,华东,B002PD61Y4,Computers|NetworkingDevices,Computers|NetworkingDevices,"D-Link DWA-131, 300",20871.06,7,0.0,9808.82
17,CN-2016-0000017,2016/1/2,2016/1/7,二级,AEC6UDCEAUIB,venkateshkgR,消费者,江口,福建,中国,华东,B0BF54LXW6,Electronics|Wearable,Electronics|Wearable,"Fire-Boltt Ninja, Call",456.4,4,0.0,127.68
18,CN-2016-0000018,2016/1/3,2016/1/9,标准级,AEIYWH2ASVIR,RakeshRoshan,小型企业,桓仁,辽宁,中国,东北,B07WG8PDCW,Electronics|Mobiles&Accessories,Electronics|Mobiles&Accessories,"pTron Bullet, Pro",403.2,2,0.4,-26.88
19,CN-2016-0000019,2016/1/3,2016/1/9,标准级,AEIYWH2ASVIR,RakeshRoshan,小型企业,桓仁,辽宁,中国,东北,B07WG8PDCW,Electronics|Mobiles&Accessories,Electronics|Mobiles&Accessories,"pTron Bullet, Pro",403.2,2,0.4,-26.88
20,CN-2016-0000020,2016/1/3,2016/1/9,标准级,AFWJSD4AVIM6,ArunvermaArv,小型企业,桓仁,辽宁,中国,东北,B082T6V3DT,Computers|Accessories,Computers|Accessories,"AmazonBasics New, Release",1476.636,1,0.4,-566.104
21,CN-2016-0000021,2016/1/3,2016/1/9,标准级,AFWJSD4AVIM6,ArunvermaArv,小型企业,桓仁,辽宁,中国,东北,B082T6V3DT,Computers|Accessories,Computers|Accessories,"AmazonBasics New, Release",1476.636,1,0.4,-566.104
22,CN-2016-0000022,2016/1/3,2016/1/9,标准级,AE2OFVZSIE6K,AjitKumarRai,小型企业,桓仁,辽宁,中国,东北,B07DJLFMPS,Electronics|Accessories,Electronics|Accessories,"HP 32GB, Class",10514.028,7,0.4,700.308
23,CN-2016-0000023,2016/1/3,2016/1/9,标准级,AE2OFVZSIE6K,AjitKumarRai,小型企业,桓仁,辽宁,中国,东北,B07DJLFMPS,Electronics|Accessories,Electronics|Accessories,"HP 32GB, Class",10514.028,7,0.4,700.308
24,CN-2016-0000024,2016/1/3,2016/1/9,标准级,AFDCSF36NJYX,ArunS.Jeevan,小型企业,桓仁,辽宁,中国,东北,B08CDKQ8T6,Computers|Accessories,Computers|Accessories,"Portronics Konnect, L",3663.744,2,0.4,-1832.096
25,CN-2016-0000025,2016/1/3,2016/1/9,标准级,AFDCSF36NJYX,ArunS.Jeevan,小型企业,桓仁,辽宁,中国,东北,B08CDKQ8T6,Computers|Accessories,Computers|Accessories,"Portronics Konnect, L",3663.744,2,0.4,-1832.096
26,CN-2016-0000026,2016/1/3,2016/1/9,标准级,AEQWVGESA7TD,VerifiedBuye,小型企业,桓仁,辽宁,中国,东北,B008FWZGSG,Computers|Accessories,Computers|Accessories,"Samsung Original, Type",822.024,2,0.4,95.704
27,CN-2016-0000027,2016/1/3,2016/1/9,标准级,AEQWVGESA7TD,VerifiedBuye,小型企业,桓仁,辽宁,中国,东北,B008FWZGSG,Computers|Accessories,Computers|Accessories,"Samsung Original, Type",822.024,2,0.4,95.704
28,CN-2016-0000028,2016/1/3,2016/1/9,标准级,AENDUJB5OZB6,Diamondheart,小型企业,桓仁,辽宁,中国,东北,B085HY1DGR,Computers|Accessories,Computers|Accessories,"Sounce Spiral, Charger",183.54,5,0.4,-70.56
29,CN-2016-0000029,2016/1/3,2016/1/9,标准级,AENDUJB5OZB6,Diamondheart,小型企业,桓仁,辽宁,中国,东北,B085HY1DGR,Computers|Accessories,Computers|Accessories,"Sounce Spiral, Charger",183.54,5,0.4,-70.56
30,CN-2016-0000030,2016/1/4,2016/1/9,二级,AHUGCKS7YANT,yogitaratreA,公司,金沙,江苏,中国,华东,B0B3RRWSF6,Electronics|Wearable,Electronics|Wearable,"Fire-Boltt Phoenix, Smart",695.1,5,0.0,333.2
31,CN-2016-0000031,2016/1/4,2016/1/9,二级,AHUGCKS7YANT,yogitaratreA,公司,金沙,江苏,中国,华东,B0B3RRWSF6,Electronics|Wearable,Electronics|Wearable,"Fire-Boltt Phoenix, Smart",695.1,5,0.0,333.2
32,CN-2016-0000032,2016/1/4,2016/1/9,二级,AEC5PUIW4OSI,DharminderSi,公司,金沙,江苏,中国,华东,B0BCZCQTJX,Electronics|HomeTheater,Electronics|HomeTheater,"Firestick Remote, B",3312.036,9,0.4,-552.384
33,CN-2016-0000033,2016/1/4,2016/1/9,二级,AEC5PUIW4OSI,DharminderSi,公司,金沙,江苏,中国,华东,B0BCZCQTJX,Electronics|HomeTheater,Electronics|HomeTheater,"Firestick Remote, B",3312.036,9,0.4,-552.384
34,CN-2016-0000034,2016/1/4,2016/1/9,二级,AGE6O2NLNA3N,Satyanarayan,公司,金沙,江苏,中国,华东,B0B5ZF3NRK,Computers|Accessories,Computers|Accessories,"CEDO 65W, OnePlus",1116.108,3,0.4,-260.652
35,CN-2016-0000035,2016/1/4,2016/1/9,二级,AGE6O2NLNA3N,Satyanarayan,公司,金沙,江苏,中国,华东,B0B5ZF3NRK,Computers|Accessories,Computers|Accessories,"CEDO 65W, OnePlus",1116.108,3,0.4,-260.652
36,CN-2016-0000036,2016/1/4,2016/1/8,标准级,AEC6UDCEAUIB,venkateshkgR,公司,深圳,广东,中国,中南,B0BF54972T,Electronics|Wearable,Electronics|Wearable,"Fire-Boltt Ninja, Call",458.64,14,0.0,229.32
37,CN-2016-0000037,2016/1/4,2016/1/8,标准级,AEC6UDCEAUIB,venkateshkgR,公司,深圳,广东,中国,中南,B0BF54972T,Electronics|Wearable,Electronics|Wearable,"Fire-Boltt Ninja, Call",458.64,14,0.0,229.32
38,CN-2016-0000038,2016/1/4,2016/1/8,标准级,AF2XXVO7JUBU,DeepaakSingh,公司,深圳,广东,中国,中南,B09KLVMZ3B,Computers|Accessories,Computers|Accessories,"Portronics Konnect, L",2211.3,2,0.25,29.26
39,CN-2016-0000039,2016/1/4,2016/1/8,标准级,AF2XXVO7JUBU,DeepaakSingh,公司,深圳,广东,中国,中南,B09KLVMZ3B,Computers|Accessories,Computers|Accessories,"Portronics Konnect, L",2211.3,2,0.25,29.26
40,CN-2016-0000040,2016/1/5,2016/1/7,一级,AGH3POHLPXAB,nisarPralipt,消费者,珠海,广东,中国,中南,B0B4DT8MKT,Computers|Accessories,Computers|Accessories,"Wecool Unbreakable, 3",341.6,5,0.0,119.0
41,CN-2016-0000041,2016/1/5,2016/1/7,一级,AGH3POHLPXAB,nisarPralipt,消费者,珠海,广东,中国,中南,B0B4DT8MKT,Computers|Accessories,Computers|Accessories,"Wecool Unbreakable, 3",341.6,5,0.0,119.0
42,CN-2016-0000042,2016/1/5,2016/1/10,标准级,AF7IXQKBUL6N,NeerajVishwa,小型企业,常州,江苏,中国,华东,B07232M876,Computers|Accessories,Computers|Accessories,"Amazonbasics Micro, Usb",446.544,3,0.4,-0.336
43,CN-2016-0000043,2016/1/5,2016/1/10,标准级,AF7IXQKBUL6N,NeerajVishwa,小型企业,常州,江苏,中国,华东,B07232M876,Computers|Accessories,Computers|Accessories,"Amazonbasics Micro, Usb",446.544,3,0.4,-0.336
44,CN-2016-0000044,2016/1/5,2016/1/8,二级,AGUAYQHARAKR,PriyaMansiPl,消费者,保定,河北,中国,华北,B085DTN6R2,Computers|Accessories,Computers|Accessories,"Portronics Konnect, CL",352.8,7,0.0,154.84
45,CN-2016-0000045,2016/1/5,2016/1/8,二级,AGU3BBQ2V2DD,KunalHimansh,消费者,保定,河北,中国,华北,B096MSW6CT,Computers|Accessories,Computers|Accessories,"Sounce Fast, Phone",4937.8,5,0.0,1826.3
46,CN-2016-0000046,2016/1/5,2016/1/8,二级,AGU3BBQ2V2DD,KunalHimansh,消费者,保定,河北,中国,华北,B096MSW6CT,Computers|Accessories,Computers|Accessories,"Sounce Fast, Phone",4937.8,5,0.0,1826.3
47,CN-2016-0000047,2016/1/5,2016/1/8,二级,AHH2TIJJ2IGD,Gopalkrishna,消费者,保定,河北,中国,华北,B09CMP1SC8,Computers|Accessories,Computers|Accessories,"Ambrane 2, in",2815.12,4,0.0,56.0
48,CN-2016-0000048,2016/1/5,2016/1/8,二级,AHH2TIJJ2IGD,Gopalkrishna,消费者,保定,河北,中国,华北,B09CMP1SC8,Computers|Accessories,Computers|Accessories,"Ambrane 2, in",2815.12,4,0.0,56.0
49,CN-2016-0000049,2016/1/5,2016/1/11,标准级,AE47XF2766XJ,AmazonCustom,小型企业,界首,安徽,中国,华东,B07XJYYH7L,Computers|Accessories,Computers|Accessories,"Wecool Nylon, Braided",418.32,6,0.0,74.76
50,CN-2016-0000050,2016/1/6,2016/1/8,一级,AF6SKHWKK53B,Thenmozhiman,消费者,湛江,广东,中国,中南,B09Q8HMKZX,Computers|Accessories,Computers|Accessories,"Portronics Konnect, L",85.12,2,0.0,1.68
51,CN-2016-0000051,2016/1/6,2016/1/8,一级,AF6SKHWKK53B,Thenmozhiman,消费者,湛江,广东,中国,中南,B09Q8HMKZX,Computers|Accessories,Computers|Accessories,"Portronics Konnect, L",85.12,2,0.0,1.68
52,CN-2016-0000052,2016/1/6,2016/1/8,一级,AHECNVXSW6RE,AnkitaDwived,消费者,湛江,广东,中国,中南,B097R25DP7,Electronics|Wearable,Electronics|Wearable,"Noise ColorFit, Pulse",496.16,2,0.0,198.24
53,CN-2016-0000053,2016/1/6,2016/1/8,一级,AHECNVXSW6RE,AnkitaDwived,消费者,湛江,广东,中国,中南,B097R25DP7,Electronics|Wearable,Electronics|Wearable,"Noise ColorFit, Pulse",496.16,2,0.0,198.24
54,CN-2016-0000054,2016/1/7,2016/1/11,标准级,AEM356PVXFHA,PaulJoeSimon,消费者,营口,辽宁,中国,东北,B07KRCW6LZ,Computers|NetworkingDevices,Computers|NetworkingDevices,"TP-Link Nano, AC600",5332.32,4,0.4,444.08
55,CN-2016-0000055,2016/1/7,2016/1/11,标准级,AEM356PVXFHA,PaulJoeSimon,消费者,营口,辽宁,中国,东北,B07KRCW6LZ,Computers|NetworkingDevices,Computers|NetworkingDevices,"TP-Link Nano, AC600",5332.32,4,0.4,444.08
56,CN-2016-0000056,2016/1/7,2016/1/11,标准级,AFA332YHUPB6,GHOSTAmazonC,消费者,营口,辽宁,中国,东北,B077Z65HSD,Computers|Accessories,Computers|Accessories,"boAt A400, USB",160.02,3,0.0,70.14
57,CN-2016-0000057,2016/1/7,2016/1/11,标准级,AFA332YHUPB6,GHOSTAmazonC,消费者,营口,辽宁,中国,东北,B077Z65HSD,Computers|Accessories,Computers|Accessories,"boAt A400, USB",160.02,3,0.0,70.14
58,CN-2016-0000058,2016/1/7,2016/1/11,标准级,AHH74UTDYQPV,HarishThirun,消费者,营口,辽宁,中国,东北,B09TY4MSH3,Electronics|HomeTheater,Electronics|HomeTheater,"Firestick Remote, B",901.152,4,0.4,-421.008
59,CN-2016-0000059,2016/1/7,2016/1/11,标准级,AHH74UTDYQPV,HarishThirun,消费者,营口,辽宁,中国,东北,B09TY4MSH3,Electronics|HomeTheater,Electronics|HomeTheater,"Firestick Remote, B",901.152,4,0.4,-421.008
60,CN-2016-0000060,2016/1/7,2016/1/11,标准级,AHRUMHBZ7IAQ,KoushalKJain,消费者,营口,辽宁,中国,东北,B09C6HWG18,Computers|Accessories,Computers|Accessories,"Duracell Type, C",189.28,8,0.8,-492.8
61,CN-2016-0000061,2016/1/7,2016/1/11,标准级,AHRUMHBZ7IAQ,KoushalKJain,消费者,营口,辽宁,中国,东北,B09C6HWG18,Computers|Accessories,Computers|Accessories,"Duracell Type, C",189.28,8,0.8,-492.8
62,CN-2016-0000062,2016/1/7,2016/1/11,标准级,AEGZSNGSJJAE,VijayanCVSan,消费者,营口,辽宁,中国,东北,B08R69VDHT,Computers|Accessories,Computers|Accessories,"Pinnaclz Original, Combo",3450.384,4,0.4,-1553.216
63,CN-2016-0000063,2016/1/7,2016/1/11,标准级,AEGZSNGSJJAE,VijayanCVSan,消费者,营口,辽宁,中国,东北,B08R69VDHT,Computers|Accessories,Computers|Accessories,"Pinnaclz Original, Combo",3450.384,4,0.4,-1553.216
64,CN-2016-0000064,2016/1/8,2016/1/9,一级,AECPFYFQVRUW,ArdKnNirbhay,公司,武汉,湖北,中国,中南,B082LZGK39,Computers|Accessories,Computers|Accessories,"Ambrane Unbreakable, 60W",185.64,5,0.4,-43.96
65,CN-2016-0000065,2016/1/8,2016/1/9,一级,AFGHRQK34D54,SumitNathAne,公司,武汉,湖北,中国,中南,B0B5LVS732,Electronics|Wearable,Electronics|Wearable,"Noise Pulse, Go",127.512,3,0.4,-44.688
66,CN-2016-0000066,2016/1/8,2016/1/9,一级,AFGHRQK34D54,SumitNathAne,公司,武汉,湖北,中国,中南,B0B5LVS732,Electronics|Wearable,Electronics|Wearable,"Noise Pulse, Go",127.512,3,0.4,-44.688
67,CN-2016-0000067,2016/1/8,2016/1/9,一级,AGBX233C7B7D,PravinKumarM,公司,武汉,湖北,中国,中南,B00NH11PEY,Computers|Accessories,Computers|Accessories,"AmazonBasics USB, 2.0",3277.26,3,0.4,-1475.04
68,CN-2016-0000068,2016/1/8,2016/1/9,一级,AGBX233C7B7D,PravinKumarM,公司,武汉,湖北,中国,中南,B00NH11PEY,Computers|Accessories,Computers|Accessories,"AmazonBasics USB, 2.0",3277.26,3,0.4,-1475.04
69,CN-2016-0000069,2016/1/8,2016/1/9,一级,AHUH7OYN3LAU,AnmolVaniTej,公司,武汉,湖北,中国,中南,B09RZS1NQT,Computers|Accessories,Computers|Accessories,"Sounce 65W, OnePlus",425.88,2,0.4,-206.08
70,CN-2016-0000070,2016/1/8,2016/1/9,一级,AHUH7OYN3LAU,AnmolVaniTej,公司,武汉,湖北,中国,中南,B09RZS1NQT,Computers|Accessories,Computers|Accessories,"Sounce 65W, OnePlus",425.88,2,0.4,-206.08
71,CN-2016-0000071,2016/1/8,2016/1/9,一级,AFB5KJR4Q5FI,RohanNarkarJ,公司,武汉,湖北,中国,中南,B08WRBG3XW,Computers|Accessories,Computers|Accessories,"boAt Type, C",189.28,2,0.0,64.12
72,CN-2016-0000072,2016/1/8,2016/1/9,一级,AFB5KJR4Q5FI,RohanNarkarJ,公司,武汉,湖北,中国,中南,B08WRBG3XW,Computers|Accessories,Computers|Accessories,"boAt Type, C",189.28,2,0.0,64.12
73,CN-2016-0000073,2016/1/9,2016/1/13,二级,AEGZSNGSJJAE,VijayanCVSan,小型企业,周口,河南,中国,中南,B08R69VDHT,Computers|Accessories,Computers|Accessories,"Pinnaclz Original, Combo",1590.54,7,0.0,15.68
74,CN-2016-0000074,2016/1/9,2016/1/13,二级,AEGZSNGSJJAE,VijayanCVSan,小型企业,周口,河南,中国,中南,B08R69VDHT,Computers|Accessories,Computers|Accessories,"Pinnaclz Original, Combo",1590.54,7,0.0,15.68
75,CN-2016-0000075,2016/1/9,2016/1/13,二级,AGU76WKSU62D,ActualuserSh,小型企业,周口,河南,中国,中南,B09YLXYP7Y,Computers|Accessories,Computers|Accessories,"Ambrane 60W, /",69.44,1,0.0,24.92
76,CN-2016-0000076,2016/1/9,2016/1/13,二级,AGU76WKSU62D,ActualuserSh,小型企业,周口,河南,中国,中南,B09YLXYP7Y,Computers|Accessories,Computers|Accessories,"Ambrane 60W, /",69.44,1,0.0,24.92
77,CN-2016-0000077,2016/1/9,2016/1/13,标准级,AEKSR7FVH2XR,SamarKumarDa,公司,抚顺,辽宁,中国,东北,B078G6ZF5Z,Electronics|Mobiles&Accessories,Electronics|Mobiles&Accessories,"Oraimo 18W, USB",135.576,3,0.4,-63.504
78,CN-2016-0000078,2016/1/9,2016/1/13,标准级,AHUGCKS7YANT,yogitaratreA,公司,抚顺,辽宁,中国,东北,B0B3RS9DNF,Electronics|Wearable,Electronics|Wearable,"Fire-Boltt Phoenix, Smart",4207.896,9,0.4,-1473.444
79,CN-2016-0000079,2016/1/9,2016/1/13,二级,AEWAZDZZJLQU,OmkardhaleJD,小型企业,铜川,陕西,中国,西北,B08HDJ86NZ,Computers|Accessories,Computers|Accessories,"boAt Deuce, USB",968.1,3,0.0,125.58
80,CN-2016-0000080,2016/1/9,2016/1/13,二级,AEWAZDZZJLQU,OmkardhaleJD,小型企业,铜川,陕西,中国,西北,B08HDJ86NZ,Computers|Accessories,Computers|Accessories,"boAt Deuce, USB",968.1,3,0.0,125.58
81,CN-2016-0000081,2016/1/9,2016/1/13,二级,AGAELRYPMTG5,SatheeshKadi,小型企业,铜川,陕西,中国,西北,B0B4F3QNDM,Electronics|Mobiles&Accessories,Electronics|Mobiles&Accessories,"Samsung Galaxy, M13",1443.82,1,0.0,173.18
82,CN-2016-0000082,2016/1/9,2016/1/13,二级,AGAELRYPMTG5,SatheeshKadi,小型企业,铜川,陕西,中国,西北,B0B4F3QNDM,Electronics|Mobiles&Accessories,Electronics|Mobiles&Accessories,"Samsung Galaxy, M13",1443.82,1,0.0,173.18
83,CN-2016-0000083,2016/1/10,2016/1/14,二级,AF3JE3MHGVCO,RanjithaPari,消费者,牡丹江,黑龙江,中国,东北,B09NVPSCQT,Electronics|Wearable,Electronics|Wearable,"Noise ColorFit, Pulse",219.8,1,0.0,65.94
84,CN-2016-0000084,2016/1/10,2016/1/14,二级,AF3JE3MHGVCO,RanjithaPari,消费者,牡丹江,黑龙江,中国,东北,B09NVPSCQT,Electronics|Wearable,Electronics|Wearable,"Noise ColorFit, Pulse",219.8,1,0.0,65.94
85,CN-2016-0000085,2016/1/10,2016/1/14,二级,AHQIYGWISGS2,Vineetshreya,消费者,牡丹江,黑龙江,中国,东北,B0B3N7LR6K,Electronics|Wearable,Electronics|Wearable,"Fire-Boltt Visionary, 1.78",508.62,7,0.0,105.84
86,CN-2016-0000086,2016/1/10,2016/1/16,标准级,AFPYH3UF3GB4,SujilivParas,公司,高邮,江苏,中国,华东,B0B9BXKBC7,Electronics|Mobiles&Accessories,Electronics|Mobiles&Accessories,"WeCool S5, Long",125.44,2,0.0,14.84
87,CN-2016-0000087,2016/1/11,2016/1/16,标准级,AG2V3QSA4MVD,SantoshKumar,公司,七台河,黑龙江,中国,东北,B09Z6WH2N1,Electronics|Mobiles&Accessories,Electronics|Mobiles&Accessories,"STRIFF 12, Pieces",721.56,3,0.0,100.8
88,CN-2016-0000088,2016/1/11,2016/1/16,标准级,AG2V3QSA4MVD,SantoshKumar,公司,七台河,黑龙江,中国,东北,B09Z6WH2N1,Electronics|Mobiles&Accessories,Electronics|Mobiles&Accessories,"STRIFF 12, Pieces",721.56,3,0.0,100.8
89,CN-2016-0000089,2016/1/11,2016/1/16,标准级,AEJLOEHISUIS,MeghnadParth,公司,七台河,黑龙江,中国,东北,B09QS9CWLV,Electronics|Mobiles&Accessories,Electronics|Mobiles&Accessories,"Redmi Note, 11",150.36,3,0.0,28.56
90,CN-2016-0000090,2016/1/11,2016/1/16,标准级,AFWOX5BA5QS5,SagarShreyas,公司,沂水,山东,中国,华东,B01FSYQ2A4,Electronics|Headphones,Electronics|Headphones,"boAt Rockerz, 400",2368.8,12,0.0,1159.2
91,CN-2016-0000091,2016/1/11,2016/1/16,标准级,AFWOX5BA5QS5,SagarShreyas,公司,沂水,山东,中国,华东,B01FSYQ2A4,Electronics|Headphones,Electronics|Headphones,"boAt Rockerz, 400",2368.8,12,0.0,1159.2
92,CN-2016-0000092,2016/1/11,2016/1/13,一级,AFLBLMPC4WUE,VelirDileepV,公司,天津,天津,中国,华北,B08MTCKDYN,Electronics|Mobiles&Accessories,Electronics|Mobiles&Accessories,"Gizga Essentials, Spiral",235.48,1,0.0,25.9
93,CN-2016-0000093,2016/1/11,2016/1/13,一级,AFLBLMPC4WUE,VelirDileepV,公司,天津,天津,中国,华北,B08MTCKDYN,Electronics|Mobiles&Accessories,Electronics|Mobiles&Accessories,"Gizga Essentials, Spiral",235.48,1,0.0,25.9
94,CN-2016-0000094,2016/1/11,2016/1/16,标准级,AFBVVELP4GVF,AndyDeepakKa,消费者,松陵,江苏,中国,华东,B09MQSCJQ1,Electronics|Wearable,Electronics|Wearable,"boAt Xtend, Smartwatch",331.128,3,0.4,-132.552
95,CN-2016-0000095,2016/1/11,2016/1/16,标准级,AGU3BBQ2V2DD,KunalHimansh,消费者,松陵,江苏,中国,华东,B096MSW6CT,Computers|Accessories,Computers|Accessories,"Sounce Fast, Phone",121.968,3,0.4,-40.992
96,CN-2016-0000096,2016/1/11,2016/1/16,标准级,AGU3BBQ2V2DD,KunalHimansh,消费者,松陵,江苏,中国,华东,B096MSW6CT,Computers|Accessories,Computers|Accessories,"Sounce Fast, Phone",121.968,3,0.4,-40.992
97,CN-2016-0000097,2016/1/11,2016/1/16,标准级,AGYLPKPZHVYK,TanyaAnuAksh,消费者,松陵,江苏,中国,华东,B08CF3D7QR,Computers|Accessories,Computers|Accessories,"Portronics Konnect, L",389.088,3,0.4,-64.932
98,CN-2016-0000098,2016/1/11,2016/1/17,标准级,AGAELRYPMTG5,SatheeshKadi,公司,汉沽,天津,中国,华北,B0B4F1YC3J,Electronics|Mobiles&Accessories,Electronics|Mobiles&Accessories,"Samsung Galaxy, M13",683.2,5,0.0,198.1
99,CN-2016-0000099,2016/1/11,2016/1/17,标准级,AGAELRYPMTG5,SatheeshKadi,公司,汉沽,天津,中国,华北,B0B4F1YC3J,Electronics|Mobiles&Accessories,Electronics|Mobiles&Accessories,"Samsung Galaxy, M13",683.2,5,0.0,198.1
100,CN-2016-0000100,2016/1/12,2016/1/12,当日,AF7IXQKBUL6N,NeerajVishwa,消费者,北京,北京,中国,华北,B07232M876,Computers|Accessories,Computers|Accessories,"Amazonbasics Micro, Usb",2333.94,3,0.0,279.72
101,CN-2016-0000101,2016/1/12,2016/1/12,当日,AF7IXQKBUL6N,NeerajVishwa,消费者,北京,北京,中国,华北,B07232M876,Computers|Accessories,Computers|Accessories,"Amazonbasics Micro, Usb",2333.94,3,0.0,279.72
102,CN-2016-0000102,2016/1/12,2016/1/12,当日,AF477BP57JM7,Placeholder,消费者,北京,北京,中国,华北,B0B4HJNPV4,Computers|Accessories,Computers|Accessories,"pTron Solero, T351",1083.04,4,0.0,541.52
103,CN-2016-0000103,2016/1/12,2016/1/12,当日,AF477BP57JM7,Placeholder,消费者,北京,北京,中国,华北,B0B4HJNPV4,Computers|Accessories,Computers|Accessories,"pTron Solero, T351",1083.04,4,0.0,541.52
104,CN-2016-0000104,2016/1/12,2016/1/12,当日,AEXK37TSBFHS,SunilFundeBi,消费者,北京,北京,中国,华北,B07GVGTSLN,Computers|Accessories,Computers|Accessories,"Wayona Usb, Type",163.24,2,0.0,66.92
105,CN-2016-0000105,2016/1/12,2016/1/12,当日,AEXK37TSBFHS,SunilFundeBi,消费者,北京,北京,中国,华北,B07GVGTSLN,Computers|Accessories,Computers|Accessories,"Wayona Usb, Type",163.24,2,0.0,66.92
106,CN-2016-0000106,2016/1/12,2016/1/16,标准级,AE47XF2766XJ,AmazonCustom,公司,常德,湖南,中国,中南,B07XJYYH7L,Computers|Accessories,Computers|Accessories,"Wecool Nylon, Braided",435.4,5,0.0,121.8
107,CN-2016-0000107,2016/1/12,2016/1/16,标准级,AE47XF2766XJ,AmazonCustom,公司,常德,湖南,中国,中南,B07XJYYH7L,Computers|Accessories,Computers|Accessories,"Wecool Nylon, Braided",435.4,5,0.0,121.8
108,CN-2016-0000108,2016/1/13,2016/1/15,一级,AG4KZO4DB3TY,shaanbishwas,消费者,咸水沽,天津,中国,华北,B08BCKN299,Electronics|Headphones,Electronics|Headphones,"Sounce Gold, Plated",1744.68,6,0.0,802.2
109,CN-2016-0000109,2016/1/13,2016/1/15,一级,AG4KZO4DB3TY,shaanbishwas,消费者,咸水沽,天津,中国,华北,B08BCKN299,Electronics|Headphones,Electronics|Headphones,"Sounce Gold, Plated",1744.68,6,0.0,802.2
110,CN-2016-0000110,2016/1/13,2016/1/16,一级,AGSGSRTEZBQY,BirendrakuDa,消费者,宿州,安徽,中国,华东,B083342NKJ,Computers|Accessories,Computers|Accessories,"MI Braided, USB",2340.8,10,0.0,116.2
111,CN-2016-0000111,2016/1/13,2016/1/16,一级,AGSGSRTEZBQY,BirendrakuDa,消费者,宿州,安徽,中国,华东,B083342NKJ,Computers|Accessories,Computers|Accessories,"MI Braided, USB",2340.8,10,0.0,116.2
112,CN-2016-0000112,2016/1/13,2016/1/16,一级,AE3Q6KSUK5P7,rahuls6099Sw,消费者,宿州,安徽,中国,华东,B08CF3B7N1,Computers|Accessories,Computers|Accessories,"Portronics Konnect, L",781.06,7,0.0,155.82
113,CN-2016-0000113,2016/1/13,2016/1/17,标准级,AG7C6DAADCTR,VivekkumarAm,小型企业,大庆,黑龙江,中国,东北,B08WRWPM22,Computers|Accessories,Computers|Accessories,"boAt Micro, USB",1580.74,7,0.0,552.72
114,CN-2016-0000114,2016/1/13,2016/1/17,标准级,AHZNSNBVKQR4,AnirbanAbhiK,小型企业,大庆,黑龙江,中国,东北,B0B3MWYCHQ,Electronics|Wearable,Electronics|Wearable,"Fire-Boltt Ring, 3",212.1,3,0.0,39.9
115,CN-2016-0000115,2016/1/13,2016/1/17,标准级,AHZNSNBVKQR4,AnirbanAbhiK,小型企业,大庆,黑龙江,中国,东北,B0B3MWYCHQ,Electronics|Wearable,Electronics|Wearable,"Fire-Boltt Ring, 3",212.1,3,0.0,39.9
116,CN-2016-0000116,2016/1/13,2016/1/17,标准级,AG6WSLLXZY52,prateeqSuraj,小型企业,大庆,黑龙江,中国,东北,B09F9YQQ7B,Electronics|HomeTheater,Electronics|HomeTheater,"Redmi 80, cm",507.08,1,0.0,243.32
117,CN-2016-0000117,2016/1/13,2016/1/17,标准级,AFPYH3UF3GB4,SujilivParas,小型企业,大庆,黑龙江,中国,东北,B0B9BXKBC7,Electronics|Mobiles&Accessories,Electronics|Mobiles&Accessories,"WeCool S5, Long",322.0,5,0.0,12.6
118,CN-2016-0000118,2016/1/13,2016/1/17,标准级,AFPYH3UF3GB4,SujilivParas,小型企业,大庆,黑龙江,中国,东北,B0B9BXKBC7,Electronics|Mobiles&Accessories,Electronics|Mobiles&Accessories,"WeCool S5, Long",322.0,5,0.0,12.6
119,CN-2016-0000119,2016/1/16,2016/1/21,标准级,AEL5HU25IP7Y,SanjayG.Vina,消费者,徐州,江苏,中国,华东,B09ZQK9X8G,Electronics|Wearable,Electronics|Wearable,"Noise ColorFit, Pro",74.676,3,0.8,-145.824
120,CN-2016-0000120,2016/1/16,2016/1/21,标准级,AEL5HU25IP7Y,SanjayG.Vina,消费者,徐州,江苏,中国,华东,B09ZQK9X8G,Electronics|Wearable,Electronics|Wearable,"Noise ColorFit, Pro",74.676,3,0.8,-145.824
121,CN-2016-0000121,2016/1/17,2016/1/22,二级,AHVZCQP5SYIV,HremantAnjan,小型企业,辛置,山西,中国,华北,B01GGKYKQM,Computers|Accessories,Computers|Accessories,"Amazon Basics, USB",1608.18,3,0.0,739.62
122,CN-2016-0000122,2016/1/17,2016/1/22,二级,AHVZCQP5SYIV,HremantAnjan,小型企业,辛置,山西,中国,华北,B01GGKYKQM,Computers|Accessories,Computers|Accessories,"Amazon Basics, USB",1608.18,3,0.0,739.62
123,CN-2016-0000123,2016/1/17,2016/1/22,二级,AEJQT5NMTAM2,DeepankarG.B,小型企业,辛置,山西,中国,华北,B09YV3K34W,Electronics|Wearable,Electronics|Wearable,"Fire-Boltt India's, No",3965.64,6,0.0,1585.92
124,CN-2016-0000124,2016/1/17,2016/1/22,二级,AEJQT5NMTAM2,DeepankarG.B,小型企业,辛置,山西,中国,华北,B09YV3K34W,Electronics|Wearable,Electronics|Wearable,"Fire-Boltt India's, No",3965.64,6,0.0,1585.92
125,CN-2016-0000125,2016/1/17,2016/1/23,标准级,AHJJY3GFDJFT,AtulyaSinhaS,消费者,蒙阴,山东,中国,华东,B0B14MR9L1,Electronics|Mobiles&Accessories,Electronics|Mobiles&Accessories,"Samsung Galaxy, M33",4362.68,2,0.0,1526.84
126,CN-2016-0000126,2016/1/17,2016/1/23,标准级,AHJJY3GFDJFT,AtulyaSinhaS,消费者,蒙阴,山东,中国,华东,B0B14MR9L1,Electronics|Mobiles&Accessories,Electronics|Mobiles&Accessories,"Samsung Galaxy, M33",4362.68,2,0.0,1526.84
127,CN-2016-0000127,2016/1/17,2016/1/21,标准级,AFWJSD4AVIM6,ArunvermaArv,小型企业,沈阳,辽宁,中国,东北,B082T6V3DT,Computers|Accessories,Computers|Accessories,"AmazonBasics New, Release",2801.232,6,0.4,-140.448
128,CN-2016-0000128,2016/1/17,2016/1/21,标准级,AFWJSD4AVIM6,ArunvermaArv,小型企业,沈阳,辽宁,中国,东北,B082T6V3DT,Computers|Accessories,Computers|Accessories,"AmazonBasics New, Release",2801.232,6,0.4,-140.448
129,CN-2016-0000129,2016/1/17,2016/1/21,标准级,AEAX7BRPDS3N,AkJiteshanil,小型企业,沈阳,辽宁,中国,东北,B0B9BD2YL4,Electronics|Mobiles&Accessories,Electronics|Mobiles&Accessories,"KINGONE Wireless, Charging",376.74,5,0.4,18.34
130,CN-2016-0000130,2016/1/17,2016/1/19,一级,AG44HJB2AMIV,PrashantSume,消费者,天津,天津,中国,华北,B0BDRVFDKP,Electronics|Accessories,Electronics|Accessories,"SanDisk Ultra庐, microSDXC鈩?UHS-I",235.2,2,0.0,103.32
131,CN-2016-0000131,2016/1/17,2016/1/19,一级,AG44HJB2AMIV,PrashantSume,消费者,天津,天津,中国,华北,B0BDRVFDKP,Electronics|Accessories,Electronics|Accessories,"SanDisk Ultra庐, microSDXC鈩?UHS-I",235.2,2,0.0,103.32
132,CN-2016-0000132,2016/1/17,2016/1/19,一级,AFF3MID2VKCR,VishalBhardw,消费者,天津,天津,中国,华北,B08BQ947H3,Computers|Accessories,Computers|Accessories,"LIRAMARK Webcam, Cover",2712.5,5,0.0,1247.4
133,CN-2016-0000133,2016/1/17,2016/1/19,一级,AFF3MID2VKCR,VishalBhardw,消费者,天津,天津,中国,华北,B08BQ947H3,Computers|Accessories,Computers|Accessories,"LIRAMARK Webcam, Cover",2712.5,5,0.0,1247.4
134,CN-2016-0000134,2016/1/18,2016/1/23,二级,AHQIYGWISGS2,Vineetshreya,消费者,颍上城关镇,安徽,中国,华东,B0B3NDPCS9,Electronics|Wearable,Electronics|Wearable,"Fire-Boltt Visionary, 1.78",100.52,2,0.0,36.96
135,CN-2016-0000135,2016/1/18,2016/1/23,二级,AHQIYGWISGS2,Vineetshreya,消费者,颍上城关镇,安徽,中国,华东,B0B3NDPCS9,Electronics|Wearable,Electronics|Wearable,"Fire-Boltt Visionary, 1.78",100.52,2,0.0,36.96
136,CN-2016-0000136,2016/1/18,2016/1/20,二级,AGQT36ICAXRX,RashmiJoshiS,消费者,长沙,湖南,中国,中南,B09MT84WV5,Electronics|Accessories,Electronics|Accessories,"Samsung EVO, Plus",1315.44,4,0.0,144.48
137,CN-2016-0000137,2016/1/18,2016/1/20,二级,AGQT36ICAXRX,RashmiJoshiS,消费者,长沙,湖南,中国,中南,B09MT84WV5,Electronics|Accessories,Electronics|Accessories,"Samsung EVO, Plus",1315.44,4,0.0,144.48
138,CN-2016-0000138,2016/1/21,2016/1/23,一级,AHUGCKS7YANT,yogitaratreA,公司,曲阜,山东,中国,华东,B0B3RRWSF6,Electronics|Wearable,Electronics|Wearable,"Fire-Boltt Phoenix, Smart",276.5,5,0.0,132.3
139,CN-2016-0000139,2016/1/21,2016/1/23,一级,AHUGCKS7YANT,yogitaratreA,公司,曲阜,山东,中国,华东,B0B3RRWSF6,Electronics|Wearable,Electronics|Wearable,"Fire-Boltt Phoenix, Smart",276.5,5,0.0,132.3
140,CN-2016-0000140,2016/1/21,2016/1/23,一级,AFAKEZV7KMVT,VikrantGanes,公司,曲阜,山东,中国,华东,B07RD611Z8,Electronics|Mobiles&Accessories,Electronics|Mobiles&Accessories,"Ambrane 20000mAh, Power",255.5,5,0.0,51.1
141,CN-2016-0000141,2016/1/21,2016/1/23,一级,AFAKEZV7KMVT,VikrantGanes,公司,曲阜,山东,中国,华东,B07RD611Z8,Electronics|Mobiles&Accessories,Electronics|Mobiles&Accessories,"Ambrane 20000mAh, Power",255.5,5,0.0,51.1
142,CN-2016-0000142,2016/1/21,2016/1/22,一级,AHH2TIJJ2IGD,Gopalkrishna,小型企业,延吉,吉林,中国,东北,B09CMP1SC8,Computers|Accessories,Computers|Accessories,"Ambrane 2, in",806.68,1,0.0,403.34
143,CN-2016-0000143,2016/1/21,2016/1/23,二级,AHVZCQP5SYIV,HremantAnjan,公司,珲春,吉林,中国,东北,B01GGKYKQM,Computers|Accessories,Computers|Accessories,"Amazon Basics, USB",443.24,2,0.0,124.04
144,CN-2016-0000144,2016/1/21,2016/1/24,一级,AG4KZO4DB3TY,shaanbishwas,消费者,余姚,浙江,中国,华东,B08BCKN299,Electronics|Headphones,Electronics|Headphones,"Sounce Gold, Plated",55.944,3,0.4,0.924
145,CN-2016-0000145,2016/1/21,2016/1/24,一级,AG4KZO4DB3TY,shaanbishwas,消费者,余姚,浙江,中国,华东,B08BCKN299,Electronics|Headphones,Electronics|Headphones,"Sounce Gold, Plated",55.944,3,0.4,0.924
146,CN-2016-0000146,2016/1/21,2016/1/24,一级,AEXK37TSBFHS,SunilFundeBi,消费者,余姚,浙江,中国,华东,B07GVGTSLN,Computers|Accessories,Computers|Accessories,"Wayona Usb, Type",103.824,3,0.4,-25.956
147,CN-2016-0000147,2016/1/21,2016/1/24,一级,AEXK37TSBFHS,SunilFundeBi,消费者,余姚,浙江,中国,华东,B07GVGTSLN,Computers|Accessories,Computers|Accessories,"Wayona Usb, Type",103.824,3,0.4,-25.956
148,CN-2016-0000148,2016/1/21,2016/1/24,一级,AGSGSRTEZBQY,BirendrakuDa,消费者,余姚,浙江,中国,华东,B083342NKJ,Computers|Accessories,Computers|Accessories,"MI Braided, USB",411.012,3,0.4,-89.208
149,CN-2016-0000149,2016/1/21,2016/1/24,一级,AGSGSRTEZBQY,BirendrakuDa,消费者,余姚,浙江,中国,华东,B083342NKJ,Computers|Accessories,Computers|Accessories,"MI Braided, USB",411.012,3,0.4,-89.208
150,CN-2016-0000150,2016/1/22,2016/1/27,标准级,AHH2TIJJ2IGD,Gopalkrishna,公司,西安,陕西,中国,西北,B09CMP1SC8,Computers|Accessories,Computers|Accessories,"Ambrane 2, in",1701.0,6,0.0,730.8
151,CN-2016-0000151,2016/1/22,2016/1/27,标准级,AHH2TIJJ2IGD,Gopalkrishna,公司,西安,陕西,中国,西北,B09CMP1SC8,Computers|Accessories,Computers|Accessories,"Ambrane 2, in",1701.0,6,0.0,730.8
152,CN-2016-0000152,2016/1/22,2016/1/27,标准级,AGYLPKPZHVYK,TanyaAnuAksh,公司,西安,陕西,中国,西北,B08CF3D7QR,Computers|Accessories,Computers|Accessories,"Portronics Konnect, L",284.48,2,0.0,108.08
153,CN-2016-0000153,2016/1/22,2016/1/27,标准级,AGYLPKPZHVYK,TanyaAnuAksh,公司,西安,陕西,中国,西北,B08CF3D7QR,Computers|Accessories,Computers|Accessories,"Portronics Konnect, L",284.48,2,0.0,108.08
154,CN-2016-0000154,2016/1/23,2016/1/27,二级,AEWAZDZZJLQU,OmkardhaleJD,消费者,太原,山西,中国,华北,B0789LZTCJ,Computers|Accessories,Computers|Accessories,"boAt Rugged, v3",1722.84,3,0.0,619.92
155,CN-2016-0000155,2016/1/23,2016/1/27,二级,AE3Q6KSUK5P7,rahuls6099Sw,消费者,太原,山西,中国,华北,B08CF3B7N1,Computers|Accessories,Computers|Accessories,"Portronics Konnect, L",5304.04,2,0.0,954.52
156,CN-2016-0000156,2016/1/23,2016/1/27,二级,AE3Q6KSUK5P7,rahuls6099Sw,消费者,太原,山西,中国,华北,B08CF3B7N1,Computers|Accessories,Computers|Accessories,"Portronics Konnect, L",5304.04,2,0.0,954.52
157,CN-2016-0000157,2016/1/25,2016/1/29,二级,AH3LHRL5P4YA,AmazonCustom,消费者,保定,河北,中国,华北,B077Z65HSD,Computers|Accessories,Computers|Accessories,"boAt A400, USB",155.4,5,0.0,63.7
158,CN-2016-0000158,2016/1/25,2016/1/29,二级,AH3LHRL5P4YA,AmazonCustom,消费者,保定,河北,中国,华北,B077Z65HSD,Computers|Accessories,Computers|Accessories,"boAt A400, USB",155.4,5,0.0,63.7
159,CN-2016-0000159,2016/1/25,2016/1/29,二级,AHQIYGWISGS2,Vineetshreya,消费者,保定,河北,中国,华北,B0B3N7LR6K,Electronics|Wearable,Electronics|Wearable,"Fire-Boltt Visionary, 1.78",6610.24,4,0.0,1982.96
160,CN-2016-0000160,2016/1/25,2016/1/29,二级,AHQIYGWISGS2,Vineetshreya,消费者,保定,河北,中国,华北,B0B3N7LR6K,Electronics|Wearable,Electronics|Wearable,"Fire-Boltt Visionary, 1.78",6610.24,4,0.0,1982.96
161,CN-2016-0000161,2016/1/25,2016/1/29,二级,AF2IRSQZKMBG,WraithKrishn,消费者,保定,河北,中国,华北,B07XLCFSSN,Computers|Accessories,Computers|Accessories,"Amazonbasics Nylon, Braided",408.24,3,0.0,81.48
162,CN-2016-0000162,2016/1/25,2016/1/29,二级,AF2IRSQZKMBG,WraithKrishn,消费者,保定,河北,中国,华北,B07XLCFSSN,Computers|Accessories,Computers|Accessories,"Amazonbasics Nylon, Braided",408.24,3,0.0,81.48
163,CN-2016-0000163,2016/1/25,2016/1/29,二级,AHECNVXSW6RE,AnkitaDwived,消费者,保定,河北,中国,华北,B097R25DP7,Electronics|Wearable,Electronics|Wearable,"Noise ColorFit, Pulse",1263.36,3,0.0,126.0
164,CN-2016-0000164,2016/1/25,2016/1/29,二级,AHECNVXSW6RE,AnkitaDwived,消费者,保定,河北,中国,华北,B097R25DP7,Electronics|Wearable,Electronics|Wearable,"Noise ColorFit, Pulse",1263.36,3,0.0,126.0
165,CN-2016-0000165,2016/1/25,2016/2/1,标准级,AHUH7OYN3LAU,AnmolVaniTej,消费者,南阳,河南,中国,中南,B09RZS1NQT,Computers|Accessories,Computers|Accessories,"Sounce 65W, OnePlus",1580.6,2,0.0,537.32
166,CN-2016-0000166,2016/1/25,2016/2/1,标准级,AHUH7OYN3LAU,AnmolVaniTej,消费者,南阳,河南,中国,中南,B09RZS1NQT,Computers|Accessories,Computers|Accessories,"Sounce 65W, OnePlus",1580.6,2,0.0,537.32
167,CN-2016-0000167,2016/1/26,2016/1/29,二级,AE6CROVUGPHR,architArjunS,消费者,上海,上海,中国,华东,B096VF5YYF,Electronics|Wearable,Electronics|Wearable,"boAt Xtend, Smartwatch",6080.48,2,0.0,2249.52
168,CN-2016-0000168,2016/1/26,2016/1/29,二级,AE6CROVUGPHR,architArjunS,消费者,上海,上海,中国,华东,B096VF5YYF,Electronics|Wearable,Electronics|Wearable,"boAt Xtend, Smartwatch",6080.48,2,0.0,2249.52
169,CN-2016-0000169,2016/1/26,2016/1/29,二级,AHVZCQP5SYIV,HremantAnjan,消费者,上海,上海,中国,华东,B01GGKYKQM,Computers|Accessories,Computers|Accessories,"Amazon Basics, USB",382.62,3,0.0,149.1
170,CN-2016-0000170,2016/1/26,2016/1/29,二级,AFYR53OTBUX2,Anandsarmalo,消费者,上海,上海,中国,华东,B094JNXNPV,Computers|Accessories,Computers|Accessories,"Ambrane Unbreakable, 3",5404.224,4,0.4,-180.656
171,CN-2016-0000171,2016/1/26,2016/1/29,二级,AFYR53OTBUX2,Anandsarmalo,消费者,上海,上海,中国,华东,B094JNXNPV,Computers|Accessories,Computers|Accessories,"Ambrane Unbreakable, 3",5404.224,4,0.4,-180.656
172,CN-2016-0000172,2016/1/26,2016/1/29,二级,AEWAZDZZJLQU,OmkardhaleJD,消费者,上海,上海,中国,华东,B08HDJ86NZ,Computers|Accessories,Computers|Accessories,"boAt Deuce, USB",2353.68,4,0.0,399.84
173,CN-2016-0000173,2016/1/26,2016/1/29,二级,AEWAZDZZJLQU,OmkardhaleJD,消费者,上海,上海,中国,华东,B08HDJ86NZ,Computers|Accessories,Computers|Accessories,"boAt Deuce, USB",2353.68,4,0.0,399.84
174,CN-2016-0000174,2016/1/26,2016/1/29,二级,AG44HJB2AMIV,PrashantSume,消费者,上海,上海,中国,华东,B0BDRVFDKP,Electronics|Accessories,Electronics|Accessories,"SanDisk Ultra庐, microSDXC鈩?UHS-I",268.8,4,0.0,91.28
175,CN-2016-0000175,2016/1/26,2016/1/29,二级,AG44HJB2AMIV,PrashantSume,消费者,上海,上海,中国,华东,B0BDRVFDKP,Electronics|Accessories,Electronics|Accessories,"SanDisk Ultra庐, microSDXC鈩?UHS-I",268.8,4,0.0,91.28
176,CN-2016-0000176,2016/1/26,2016/1/28,二级,AEWAZDZZJLQU,OmkardhaleJD,消费者,南宁,广西,中国,中南,B0789LZTCJ,Computers|Accessories,Computers|Accessories,"boAt Rugged, v3",124.32,2,0.0,23.52
177,CN-2016-0000177,2016/1/26,2016/1/28,一级,AHGRRV5SETS3,PrinceySubod,消费者,重庆,重庆,中国,西南,B09L835C3V,Electronics|HomeTheater,Electronics|HomeTheater,"Smashtronics庐 -, Case",663.04,4,0.0,12.88
178,CN-2016-0000178,2016/1/26,2016/1/28,一级,AHGRRV5SETS3,PrinceySubod,消费者,重庆,重庆,中国,西南,B09L835C3V,Electronics|HomeTheater,Electronics|HomeTheater,"Smashtronics庐 -, Case",663.04,4,0.0,12.88
179,CN-2016-0000179,2016/1/26,2016/1/28,一级,AFYR53OTBUX2,Anandsarmalo,消费者,重庆,重庆,中国,西南,B094JNXNPV,Computers|Accessories,Computers|Accessories,"Ambrane Unbreakable, 3",201.6,3,0.0,68.46
180,CN-2016-0000180,2016/1/26,2016/1/28,一级,AFWJSD4AVIM6,ArunvermaArv,消费者,重庆,重庆,中国,西南,B082T6V3DT,Computers|Accessories,Computers|Accessories,"AmazonBasics New, Release",2695.84,4,0.0,1078.0
181,CN-2016-0000181,2016/1/26,2016/1/28,一级,AFWJSD4AVIM6,ArunvermaArv,消费者,重庆,重庆,中国,西南,B082T6V3DT,Computers|Accessories,Computers|Accessories,"AmazonBasics New, Release",2695.84,4,0.0,1078.0
182,CN-2016-0000182,2016/1/27,2016/1/29,一级,AEYHTCWWZYU3,ShivaUzefkot,公司,重庆,重庆,中国,西南,B00NH11KIK,Computers|Accessories,Computers|Accessories,"AmazonBasics USB, 2.0",4382.56,7,0.0,744.8
183,CN-2016-0000183,2016/1/27,2016/1/29,一级,AEYHTCWWZYU3,ShivaUzefkot,公司,重庆,重庆,中国,西南,B00NH11KIK,Computers|Accessories,Computers|Accessories,"AmazonBasics USB, 2.0",4382.56,7,0.0,744.8
184,CN-2016-0000184,2016/1/27,2016/1/29,一级,AG3D6O4STAQK,ManavAdarshg,公司,重庆,重庆,中国,西南,B07JW9H4J1,Computers|Accessories,Computers|Accessories,"Wayona Nylon, Braided",54.74,1,0.0,15.82
185,CN-2016-0000185,2016/1/27,2016/1/29,一级,AF2IRSQZKMBG,WraithKrishn,公司,重庆,重庆,中国,西南,B07XLCFSSN,Computers|Accessories,Computers|Accessories,"Amazonbasics Nylon, Braided",1257.9,5,0.0,100.1
186,CN-2016-0000186,2016/1/27,2016/1/29,一级,AF2IRSQZKMBG,WraithKrishn,公司,重庆,重庆,中国,西南,B07XLCFSSN,Computers|Accessories,Computers|Accessories,"Amazonbasics Nylon, Braided",1257.9,5,0.0,100.1
187,CN-2016-0000187,2016/1/27,2016/1/29,一级,AHW6E5LQ2BDY,PavanAHJayes,公司,重庆,重庆,中国,西南,B08DDRGWTJ,Computers|Accessories,Computers|Accessories,"MI Usb, Type-C",6090.7,5,0.0,182.7
188,CN-2016-0000188,2016/1/27,2016/1/29,一级,AHW6E5LQ2BDY,PavanAHJayes,公司,重庆,重庆,中国,西南,B08DDRGWTJ,Computers|Accessories,Computers|Accessories,"MI Usb, Type-C",6090.7,5,0.0,182.7
189,CN-2016-0000189,2016/1/27,2016/1/27,当日,AHTVBHRLCBX5,ShekharBadol,公司,青冈,黑龙江,中国,东北,B094YFFSMY,Electronics|Mobiles&Accessories,Electronics|Mobiles&Accessories,"Tygot Bluetooth, Extendable",147.0,2,0.0,29.4
190,CN-2016-0000190,2016/1/27,2016/1/27,当日,AHTVBHRLCBX5,ShekharBadol,公司,青冈,黑龙江,中国,东北,B094YFFSMY,Electronics|Mobiles&Accessories,Electronics|Mobiles&Accessories,"Tygot Bluetooth, Extendable",147.0,2,0.0,29.4
191,CN-2016-0000191,2016/1/27,2016/1/27,当日,AF6SKHWKK53B,Thenmozhiman,公司,青冈,黑龙江,中国,东北,B09Q8HMKZX,Computers|Accessories,Computers|Accessories,"Portronics Konnect, L",1717.94,7,0.0,463.54
192,CN-2016-0000192,2016/1/27,2016/2/1,标准级,AG2V3QSA4MVD,SantoshKumar,公司,滁州,安徽,中国,华东,B09Z6WH2N1,Electronics|Mobiles&Accessories,Electronics|Mobiles&Accessories,"STRIFF 12, Pieces",637.0,1,0.0,31.78
193,CN-2016-0000193,2016/1/27,2016/2/1,标准级,AG2V3QSA4MVD,SantoshKumar,公司,滁州,安徽,中国,华东,B09Z6WH2N1,Electronics|Mobiles&Accessories,Electronics|Mobiles&Accessories,"STRIFF 12, Pieces",637.0,1,0.0,31.78
194,CN-2016-0000194,2016/1/30,2016/2/3,二级,AFLBLMPC4WUE,VelirDileepV,消费者,朗乡,黑龙江,中国,东北,B08MTCKDYN,Electronics|Mobiles&Accessories,Electronics|Mobiles&Accessories,"Gizga Essentials, Spiral",226.016,2,0.2,-42.504
195,CN-2016-0000195,2016/1/30,2016/2/3,二级,AFLBLMPC4WUE,VelirDileepV,消费者,朗乡,黑龙江,中国,东北,B08MTCKDYN,Electronics|Mobiles&Accessories,Electronics|Mobiles&Accessories,"Gizga Essentials, Spiral",226.016,2,0.2,-42.504
196,CN-2016-0000196,2016/1/30,2016/2/3,二级,AF2IRSQZKMBG,WraithKrishn,消费者,朗乡,黑龙江,中国,东北,B07XLCFSSN,Computers|Accessories,Computers|Accessories,"Amazonbasics Nylon, Braided",354.48,4,0.0,109.76
197,CN-2016-0000197,2016/1/30,2016/2/3,二级,AF2IRSQZKMBG,WraithKrishn,消费者,朗乡,黑龙江,中国,东北,B07XLCFSSN,Computers|Accessories,Computers|Accessories,"Amazonbasics Nylon, Braided",354.48,4,0.0,109.76
198,CN-2016-0000198,2016/1/30,2016/2/3,二级,AEM356PVXFHA,PaulJoeSimon,消费者,朗乡,黑龙江,中国,东北,B07KRCW6LZ,Computers|NetworkingDevices,Computers|NetworkingDevices,"TP-Link Nano, AC600",153.72,3,0.0,72.24
199,CN-2016-0000199,2016/1/30,2016/2/3,二级,AEM356PVXFHA,PaulJoeSimon,消费者,朗乡,黑龙江,中国,东北,B07KRCW6LZ,Computers|NetworkingDevices,Computers|NetworkingDevices,"TP-Link Nano, AC600",153.72,3,0.0,72.24
200,CN-2016-0000200,2016/1/30,2016/2/3,二级,AE3Q6KSUK5P7,rahuls6099Sw,消费者,朗乡,黑龙江,中国,东北,B08CF3B7N1,Computers|Accessories,Computers|Accessories,"Portronics Konnect, L",746.9,5,0.0,149.1
201,CN-2016-0000201,2016/1/30,2016/2/3,二级,AE3Q6KSUK5P7,rahuls6099Sw,消费者,朗乡,黑龙江,中国,东北,B08CF3B7N1,Computers|Accessories,Computers|Accessories,"Portronics Konnect, L",746.9,5,0.0,149.1
202,CN-2016-0000202,2016/1/30,2016/2/3,二级,AHEVO4Q5NM4Y,RahmanAliMAR,消费者,朗乡,黑龙江,中国,东北,B09F6S8BT6,Electronics|HomeTheater,Electronics|HomeTheater,"Samsung 80, cm",141.12,3,0.0,36.54
203,CN-2016-0000203,2016/1/30,2016/2/3,二级,AHEVO4Q5NM4Y,RahmanAliMAR,消费者,朗乡,黑龙江,中国,东北,B09F6S8BT6,Electronics|HomeTheater,Electronics|HomeTheater,"Samsung 80, cm",141.12,3,0.0,36.54
204,CN-2016-0000204,2016/1/30,2016/2/3,二级,AEQ2YMXSZWEO,JayeshRajesh,消费者,朗乡,黑龙江,中国,东北,B08Y1SJVV5,Computers|Accessories,Computers|Accessories,"pTron Solero, MB301",5241.04,2,0.0,1624.56
205,CN-2016-0000205,2016/1/30,2016/2/3,二级,AEQ2YMXSZWEO,JayeshRajesh,消费者,朗乡,黑龙江,中国,东北,B08Y1SJVV5,Computers|Accessories,Computers|Accessories,"pTron Solero, MB301",5241.04,2,0.0,1624.56
206,CN-2016-0000206,2016/1/30,2016/2/3,二级,AHDFR3PDKEBV,AnonymousSug,消费者,朗乡,黑龙江,中国,东北,B07P681N66,Computers|NetworkingDevices,Computers|NetworkingDevices,"TP-Link AC600, 600",2672.32,4,0.0,80.08
207,CN-2016-0000207,2016/1/30,2016/2/3,二级,AEWAZDZZJLQU,OmkardhaleJD,消费者,朗乡,黑龙江,中国,东北,B08HDJ86NZ,Computers|Accessories,Computers|Accessories,"boAt Deuce, USB",1957.76,4,0.0,215.04
208,CN-2016-0000208,2016/1/30,2016/2/3,二级,AEWAZDZZJLQU,OmkardhaleJD,消费者,朗乡,黑龙江,中国,东北,B08HDJ86NZ,Computers|Accessories,Computers|Accessories,"boAt Deuce, USB",1957.76,4,0.0,215.04
209,CN-2016-0000209,2016/1/30,2016/2/6,标准级,AFNYIBWKJLJQ,Prasannavija,小型企业,皇岗,广东,中国,中南,B09C6HXFC1,Computers|Accessories,Computers|Accessories,"Duracell USB, Lightning",1533.924,2,0.1,443.044
210,CN-2016-0000210,2016/1/30,2016/2/6,标准级,AFNYIBWKJLJQ,Prasannavija,小型企业,皇岗,广东,中国,中南,B09C6HXFC1,Computers|Accessories,Computers|Accessories,"Duracell USB, Lightning",1533.924,2,0.1,443.044
211,CN-2016-0000211,2016/1/30,2016/2/6,标准级,AEYHTCWWZYU3,ShivaUzefkot,小型企业,皇岗,广东,中国,中南,B00NH11KIK,Computers|Accessories,Computers|Accessories,"AmazonBasics USB, 2.0",505.96,2,0.0,247.8
212,CN-2016-0000212,2016/1/30,2016/2/6,标准级,AEYHTCWWZYU3,ShivaUzefkot,小型企业,皇岗,广东,中国,中南,B00NH11KIK,Computers|Accessories,Computers|Accessories,"AmazonBasics USB, 2.0",505.96,2,0.0,247.8
213,CN-2016-0000213,2016/1/30,2016/2/6,标准级,AFB5KJR4Q5FI,RohanNarkarJ,小型企业,皇岗,广东,中国,中南,B08WRBG3XW,Computers|Accessories,Computers|Accessories,"boAt Type, C",3819.564,2,0.1,551.684
214,CN-2016-0000214,2016/1/30,2016/2/6,标准级,AFB5KJR4Q5FI,RohanNarkarJ,小型企业,皇岗,广东,中国,中南,B08WRBG3XW,Computers|Accessories,Computers|Accessories,"boAt Type, C",3819.564,2,0.1,551.684
215,CN-2016-0000215,2016/1/30,2016/2/5,标准级,AEJLOEHISUIS,MeghnadParth,消费者,榆林,陕西,中国,西北,B09QS9X9L8,Electronics|Mobiles&Accessories,Electronics|Mobiles&Accessories,"Redmi Note, 11",17850.0,6,0.0,3927.0
216,CN-2016-0000216,2016/1/30,2016/2/5,标准级,AEJLOEHISUIS,MeghnadParth,消费者,榆林,陕西,中国,西北,B09QS9X9L8,Electronics|Mobiles&Accessories,Electronics|Mobiles&Accessories,"Redmi Note, 11",17850.0,6,0.0,3927.0
217,CN-2016-0000217,2016/1/30,2016/2/5,标准级,AG7C6DAADCTR,VivekkumarAm,消费者,榆林,陕西,中国,西北,B08WRWPM22,Computers|Accessories,Computers|Accessories,"boAt Micro, USB",391.02,3,0.0,85.68
218,CN-2016-0000218,2016/1/30,2016/2/5,标准级,AG7C6DAADCTR,VivekkumarAm,消费者,榆林,陕西,中国,西北,B08WRWPM22,Computers|Accessories,Computers|Accessories,"boAt Micro, USB",391.02,3,0.0,85.68
219,CN-2016-0000219,2016/1/31,2016/2/5,标准级,AEOIHOJD3O5M,RaviShankarP,消费者,集宁,内蒙古,中国,华北,B0B86CDHL1,Computers|Accessories,Computers|Accessories,"oraimo 65W, Type",713.664,3,0.4,-321.216
220,CN-2016-0000220,2016/1/31,2016/2/5,标准级,AEOIHOJD3O5M,RaviShankarP,消费者,集宁,内蒙古,中国,华北,B0B86CDHL1,Computers|Accessories,Computers|Accessories,"oraimo 65W, Type",713.664,3,0.4,-321.216
221,CN-2016-0000221,2016/1/31,2016/2/5,标准级,AEL5HU25IP7Y,SanjayG.Vina,消费者,集宁,内蒙古,中国,华北,B09ZQK9X8G,Electronics|Wearable,Electronics|Wearable,"Noise ColorFit, Pro",2372.58,7,0.4,0.0
222,CN-2016-0000222,2016/1/31,2016/2/5,标准级,AEL5HU25IP7Y,SanjayG.Vina,消费者,集宁,内蒙古,中国,华北,B09ZQK9X8G,Electronics|Wearable,Electronics|Wearable,"Noise ColorFit, Pro",2372.58,7,0.4,0.0
223,CN-2016-0000223,2016/1/31,2016/2/5,标准级,AEYJ5I6JZZPO,RishavGossai,消费者,集宁,内蒙古,中国,华北,B07KSMBL2H,Electronics|HomeTheater,Electronics|HomeTheater,"AmazonBasics Flexible, Premium",1832.544,4,0.4,182.784
224,CN-2016-0000224,2016/1/31,2016/2/5,标准级,AEYJ5I6JZZPO,RishavGossai,消费者,集宁,内蒙古,中国,华北,B07KSMBL2H,Electronics|HomeTheater,Electronics|HomeTheater,"AmazonBasics Flexible, Premium",1832.544,4,0.4,182.784
225,CN-2016-0000225,2016/2/1,2016/2/5,标准级,AES2J44MJ3FM,GojoSatoruNO,消费者,成都,四川,中国,西南,B0949SBKMP,Electronics|Wearable,Electronics|Wearable,"boAt Flash, Edition",2570.4,2,0.4,-556.92
226,CN-2016-0000226,2016/2/1,2016/2/5,标准级,AES2J44MJ3FM,GojoSatoruNO,消费者,成都,四川,中国,西南,B0949SBKMP,Electronics|Wearable,Electronics|Wearable,"boAt Flash, Edition",2570.4,2,0.4,-556.92
227,CN-2016-0000227,2016/2/1,2016/2/5,标准级,AHIKJUDTVJ4T,SatoruNo,消费者,成都,四川,中国,西南,B09NHVCHS9,Computers|Accessories,Computers|Accessories,"Flix Micro, Usb",939.456,4,0.4,156.576
228,CN-2016-0000228,2016/2/1,2016/2/5,标准级,AHIKJUDTVJ4T,SatoruNo,消费者,成都,四川,中国,西南,B09NHVCHS9,Computers|Accessories,Computers|Accessories,"Flix Micro, Usb",939.456,4,0.4,156.576
229,CN-2016-0000229,2016/2/1,2016/2/3,一级,AHTVBHRLCBX5,ShekharBadol,小型企业,北京,北京,中国,华北,B094YFFSMY,Electronics|Mobiles&Accessories,Electronics|Mobiles&Accessories,"Tygot Bluetooth, Extendable",1696.38,7,0.0,661.5
230,CN-2016-0000230,2016/2/1,2016/2/3,一级,AHTVBHRLCBX5,ShekharBadol,小型企业,北京,北京,中国,华北,B094YFFSMY,Electronics|Mobiles&Accessories,Electronics|Mobiles&Accessories,"Tygot Bluetooth, Extendable",1696.38,7,0.0,661.5
231,CN-2016-0000231,2016/2/1,2016/2/4,二级,AENDUJB5OZB6,Diamondheart,消费者,曲阜,山东,中国,华东,B085HY1DGR,Computers|Accessories,Computers|Accessories,"Sounce Spiral, Charger",3760.68,3,0.0,1090.32
232,CN-2016-0000232,2016/2/1,2016/2/6,标准级,AFJVYK4FXVGR,livinsebiAna,消费者,兰州,甘肃,中国,西北,B09RWZRCP1,Computers|Accessories,Computers|Accessories,"boAt Type, C",435.12,2,0.0,152.04
233,CN-2016-0000233,2016/2/1,2016/2/6,标准级,AFJVYK4FXVGR,livinsebiAna,消费者,兰州,甘肃,中国,西北,B09RWZRCP1,Computers|Accessories,Computers|Accessories,"boAt Type, C",435.12,2,0.0,152.04
234,CN-2016-0000234,2016/2/1,2016/2/6,标准级,AEYJ5I6JZZPO,RishavGossai,消费者,兰州,甘肃,中国,西北,B07KSMBL2H,Electronics|HomeTheater,Electronics|HomeTheater,"AmazonBasics Flexible, Premium",415.632,1,0.4,-20.888
235,CN-2016-0000235,2016/2/1,2016/2/6,标准级,AEYJ5I6JZZPO,RishavGossai,消费者,兰州,甘肃,中国,西北,B07KSMBL2H,Electronics|HomeTheater,Electronics|HomeTheater,"AmazonBasics Flexible, Premium",415.632,1,0.4,-20.888
236,CN-2016-0000236,2016/2/1,2016/2/4,二级,AES2J44MJ3FM,GojoSatoruNO,公司,鱼洞,重庆,中国,西南,B0949SBKMP,Electronics|Wearable,Electronics|Wearable,"boAt Flash, Edition",288.96,4,0.0,83.44
237,CN-2016-0000237,2016/2/2,2016/2/6,二级,AEITVIFC7WZA,harpreetYKir,消费者,椒江,浙江,中国,华东,B01GGKZ0V6,Computers|Accessories,Computers|Accessories,"AmazonBasics USB, Type-C",658.14,5,0.4,-33.46
238,CN-2016-0000238,2016/2/2,2016/2/6,二级,AEITVIFC7WZA,harpreetYKir,消费者,椒江,浙江,中国,华东,B01GGKZ0V6,Computers|Accessories,Computers|Accessories,"AmazonBasics USB, Type-C",658.14,5,0.4,-33.46
239,CN-2016-0000239,2016/2/2,2016/2/6,标准级,AFGHRQK34D54,SumitNathAne,消费者,胶南,山东,中国,华东,B0B5LVS732,Electronics|Wearable,Electronics|Wearable,"Noise Pulse, Go",441.28,2,0.0,96.88
240,CN-2016-0000240,2016/2/2,2016/2/6,标准级,AFGHRQK34D54,SumitNathAne,消费者,胶南,山东,中国,华东,B0B5LVS732,Electronics|Wearable,Electronics|Wearable,"Noise Pulse, Go",441.28,2,0.0,96.88
241,CN-2016-0000241,2016/2/2,2016/2/7,标准级,AFA332YHUPB6,GHOSTAmazonC,公司,石家庄,河北,中国,华北,B077Z65HSD,Computers|Accessories,Computers|Accessories,"boAt A400, USB",1007.16,6,0.0,503.16
242,CN-2016-0000242,2016/2/2,2016/2/7,标准级,AFA332YHUPB6,GHOSTAmazonC,公司,石家庄,河北,中国,华北,B077Z65HSD,Computers|Accessories,Computers|Accessories,"boAt A400, USB",1007.16,6,0.0,503.16
243,CN-2016-0000243,2016/2/2,2016/2/7,标准级,AGAELRYPMTG5,SatheeshKadi,公司,石家庄,河北,中国,华北,B0B4F5L738,Electronics|Mobiles&Accessories,Electronics|Mobiles&Accessories,"Samsung Galaxy, M13",1025.64,2,0.0,174.16
244,CN-2016-0000244,2016/2/2,2016/2/7,标准级,AGAELRYPMTG5,SatheeshKadi,公司,石家庄,河北,中国,华北,B0B4F5L738,Electronics|Mobiles&Accessories,Electronics|Mobiles&Accessories,"Samsung Galaxy, M13",1025.64,2,0.0,174.16
245,CN-2016-0000245,2016/2/2,2016/2/7,标准级,AGU76WKSU62D,ActualuserSh,公司,石家庄,河北,中国,华北,B09YLXYP7Y,Computers|Accessories,Computers|Accessories,"Ambrane 60W, /",175.98,3,0.0,49.14
246,CN-2016-0000246,2016/2/2,2016/2/7,标准级,AGU76WKSU62D,ActualuserSh,公司,石家庄,河北,中国,华北,B09YLXYP7Y,Computers|Accessories,Computers|Accessories,"Ambrane 60W, /",175.98,3,0.0,49.14
247,CN-2016-0000247,2016/2/2,2016/2/7,标准级,AEC6UDCEAUIB,venkateshkgR,公司,石家庄,河北,中国,华北,B0BF57RN3K,Electronics|Wearable,Electronics|Wearable,"Fire-Boltt Ninja, Call",6476.61,2,0.25,-431.83
248,CN-2016-0000248,2016/2/2,2016/2/7,标准级,AEC6UDCEAUIB,venkateshkgR,公司,石家庄,河北,中国,华北,B0BF57RN3K,Electronics|Wearable,Electronics|Wearable,"Fire-Boltt Ninja, Call",6476.61,2,0.25,-431.83
249,CN-2016-0000249,2016/2/2,2016/2/7,标准级,AEQ2YMXSZWEO,JayeshRajesh,公司,东莞,广东,中国,中南,B08Y1TFSP6,Computers|Accessories,Computers|Accessories,"pTron Solero, TB301",105.14,1,0.0,42.0
250,CN-2016-0000250,2016/2/2,2016/2/7,标准级,AEQ2YMXSZWEO,JayeshRajesh,公司,东莞,广东,中国,中南,B08Y1TFSP6,Computers|Accessories,Computers|Accessories,"pTron Solero, TB301",105.14,1,0.0,42.0
251,CN-2016-0000251,2016/2/2,2016/2/8,标准级,AHIKJUDTVJ4T,SatoruNo,公司,莱阳,山东,中国,华东,B09NHVCHS9,Computers|Accessories,Computers|Accessories,"Flix Micro, Usb",3538.08,4,0.0,565.6
252,CN-2016-0000252,2016/2/2,2016/2/8,标准级,AHIKJUDTVJ4T,SatoruNo,公司,莱阳,山东,中国,华东,B09NHVCHS9,Computers|Accessories,Computers|Accessories,"Flix Micro, Usb",3538.08,4,0.0,565.6
253,CN-2016-0000253,2016/2/6,2016/2/12,标准级,AGVUE2NFN2MQ,YashpreetSin,小型企业,益阳,湖南,中国,中南,B01M4GGIVU,Electronics|HomeTheater,Electronics|HomeTheater,"Tizum High, Speed",81.76,2,0.0,24.36
254,CN-2016-0000254,2016/2/6,2016/2/12,标准级,AEC6UDCEAUIB,venkateshkgR,小型企业,益阳,湖南,中国,中南,B0BF563HB4,Electronics|Wearable,Electronics|Wearable,"Fire-Boltt Ninja, Call",1807.68,8,0.0,433.44
255,CN-2016-0000255,2016/2/6,2016/2/12,标准级,AEC6UDCEAUIB,venkateshkgR,小型企业,益阳,湖南,中国,中南,B0BF563HB4,Electronics|Wearable,Electronics|Wearable,"Fire-Boltt Ninja, Call",1807.68,8,0.0,433.44
256,CN-2016-0000256,2016/2/6,2016/2/12,标准级,AFNYIBWKJLJQ,Prasannavija,小型企业,益阳,湖南,中国,中南,B09C6HXFC1,Computers|Accessories,Computers|Accessories,"Duracell USB, Lightning",1220.24,4,0.0,268.24
257,CN-2016-0000257,2016/2/6,2016/2/12,标准级,AFNYIBWKJLJQ,Prasannavija,小型企业,益阳,湖南,中国,中南,B09C6HXFC1,Computers|Accessories,Computers|Accessories,"Duracell USB, Lightning",1220.24,4,0.0,268.24
258,CN-2016-0000258,2016/2/6,2016/2/12,标准级,AGSGSRTEZBQY,BirendrakuDa,小型企业,益阳,湖南,中国,中南,B083342NKJ,Computers|Accessories,Computers|Accessories,"MI Braided, USB",140.0,5,0.0,19.6
259,CN-2016-0000259,2016/2/6,2016/2/12,标准级,AGSGSRTEZBQY,BirendrakuDa,小型企业,益阳,湖南,中国,中南,B083342NKJ,Computers|Accessories,Computers|Accessories,"MI Braided, USB",140.0,5,0.0,19.6
260,CN-2016-0000260,2016/2/6,2016/2/12,标准级,AH2OARRWRYKQ,RahulSinghRa,小型企业,益阳,湖南,中国,中南,B09YV4RG4D,Electronics|Wearable,Electronics|Wearable,"Fire-Boltt Ninja, 3",1384.32,2,0.0,387.52
261,CN-2016-0000261,2016/2/6,2016/2/12,标准级,AH2OARRWRYKQ,RahulSinghRa,小型企业,益阳,湖南,中国,中南,B09YV4RG4D,Electronics|Wearable,Electronics|Wearable,"Fire-Boltt Ninja, 3",1384.32,2,0.0,387.52
262,CN-2016-0000262,2016/2/6,2016/2/12,标准级,AHFENRYJG4LP,Nadhiyarasan,小型企业,益阳,湖南,中国,中南,B0BMXMLSMM,Computers|Accessories,Computers|Accessories,"Lapster 65W, compatible",8779.68,6,0.0,4213.44
263,CN-2016-0000263,2016/2/6,2016/2/12,标准级,AHFENRYJG4LP,Nadhiyarasan,小型企业,益阳,湖南,中国,中南,B0BMXMLSMM,Computers|Accessories,Computers|Accessories,"Lapster 65W, compatible",8779.68,6,0.0,4213.44
264,CN-2016-0000264,2016/2/6,2016/2/12,标准级,AFE54I72EV2Y,SunnyJ.Prave,小型企业,益阳,湖南,中国,中南,B01DEWVZ2C,Electronics|Headphones,Electronics|Headphones,"JBL C100SI, Wired",370.44,7,0.0,6.86
265,CN-2016-0000265,2016/2/6,2016/2/12,标准级,AFE54I72EV2Y,SunnyJ.Prave,小型企业,益阳,湖南,中国,中南,B01DEWVZ2C,Electronics|Headphones,Electronics|Headphones,"JBL C100SI, Wired",370.44,7,0.0,6.86
266,CN-2016-0000266,2016/2/7,2016/2/11,标准级,AGMJ6TDLOVZI,SQLARUNKUMAR,消费者,成都,四川,中国,西南,B0141EZMAI,Computers|NetworkingDevices,Computers|NetworkingDevices,"Gizga Essentials, USB",700.56,2,0.4,-443.8
267,CN-2016-0000267,2016/2/7,2016/2/11,标准级,AGMJ6TDLOVZI,SQLARUNKUMAR,消费者,成都,四川,中国,西南,B0141EZMAI,Computers|NetworkingDevices,Computers|NetworkingDevices,"Gizga Essentials, USB",700.56,2,0.4,-443.8
268,CN-2016-0000268,2016/2/7,2016/2/11,标准级,AF36YUJUEUU3,VipanAgnihot,消费者,成都,四川,中国,西南,B0BFWGBX61,Computers|Accessories,Computers|Accessories,"Ambrane Unbreakable, 3A",3295.404,3,0.4,-659.316
269,CN-2016-0000269,2016/2/7,2016/2/11,标准级,AF36YUJUEUU3,VipanAgnihot,消费者,成都,四川,中国,西南,B0BFWGBX61,Computers|Accessories,Computers|Accessories,"Ambrane Unbreakable, 3A",3295.404,3,0.4,-659.316
270,CN-2016-0000270,2016/2/8,2016/2/11,二级,AEQWVGESA7TD,VerifiedBuye,消费者,上海,上海,中国,华东,B008FWZGSG,Computers|Accessories,Computers|Accessories,"Samsung Original, Type",438.48,1,0.0,65.66
271,CN-2016-0000271,2016/2/8,2016/2/11,二级,AEQWVGESA7TD,VerifiedBuye,消费者,上海,上海,中国,华东,B008FWZGSG,Computers|Accessories,Computers|Accessories,"Samsung Original, Type",438.48,1,0.0,65.66
272,CN-2016-0000272,2016/2/8,2016/2/15,标准级,AF2XXVO7JUBU,DeepaakSingh,小型企业,烟台,山东,中国,华东,B09KLVMZ3B,Computers|Accessories,Computers|Accessories,"Portronics Konnect, L",682.92,3,0.0,149.94
273,CN-2016-0000273,2016/2/8,2016/2/15,标准级,AF2XXVO7JUBU,DeepaakSingh,小型企业,烟台,山东,中国,华东,B09KLVMZ3B,Computers|Accessories,Computers|Accessories,"Portronics Konnect, L",682.92,3,0.0,149.94
274,CN-2016-0000274,2016/2/8,2016/2/15,标准级,AHPYDFW6Y3FI,AVMathankuma,小型企业,烟台,山东,中国,华东,B0B5B6PQCT,Electronics|Wearable,Electronics|Wearable,"boAt Wave, Call",294.84,9,0.0,147.42
275,CN-2016-0000275,2016/2/8,2016/2/15,标准级,AFE54I72EV2Y,SunnyJ.Prave,小型企业,烟台,山东,中国,华东,B01DEWVZ2C,Electronics|Headphones,Electronics|Headphones,"JBL C100SI, Wired",53.2,2,0.0,25.48
276,CN-2016-0000276,2016/2/8,2016/2/15,标准级,AFE54I72EV2Y,SunnyJ.Prave,小型企业,烟台,山东,中国,华东,B01DEWVZ2C,Electronics|Headphones,Electronics|Headphones,"JBL C100SI, Wired",53.2,2,0.0,25.48
277,CN-2016-0000277,2016/2/8,2016/2/15,标准级,AEO5FHWNOSFB,adityad.Para,小型企业,烟台,山东,中国,华东,B085194JFL,Electronics|HomeTheater,Electronics|HomeTheater,"tizum HDMI, to",913.92,2,0.0,292.32
278,CN-2016-0000278,2016/2/8,2016/2/15,标准级,AEO5FHWNOSFB,adityad.Para,小型企业,烟台,山东,中国,华东,B085194JFL,Electronics|HomeTheater,Electronics|HomeTheater,"tizum HDMI, to",913.92,2,0.0,292.32
279,CN-2016-0000279,2016/2/8,2016/2/13,二级,AHZNSNBVKQR4,AnirbanAbhiK,公司,丽水,浙江,中国,华东,B0B3MWYCHQ,Electronics|Wearable,Electronics|Wearable,"Fire-Boltt Ring, 3",3983.616,4,0.6,-1294.944
280,CN-2016-0000280,2016/2/8,2016/2/13,二级,AHZNSNBVKQR4,AnirbanAbhiK,公司,丽水,浙江,中国,华东,B0B3MWYCHQ,Electronics|Wearable,Electronics|Wearable,"Fire-Boltt Ring, 3",3983.616,4,0.6,-1294.944
281,CN-2016-0000281,2016/2/11,2016/2/17,标准级,AG7C6DAADCTR,VivekkumarAm,消费者,海门,广东,中国,中南,B08WRWPM22,Computers|Accessories,Computers|Accessories,"boAt Micro, USB",177.8,2,0.0,69.16
282,CN-2016-0000282,2016/2/12,2016/2/14,一级,AFWOX5BA5QS5,SagarShreyas,公司,拉萨,西藏,中国,西南,B01FSYQ2A4,Electronics|Headphones,Electronics|Headphones,"boAt Rockerz, 400",944.16,8,0.0,396.48
283,CN-2016-0000283,2016/2/12,2016/2/14,一级,AFWOX5BA5QS5,SagarShreyas,公司,拉萨,西藏,中国,西南,B01FSYQ2A4,Electronics|Headphones,Electronics|Headphones,"boAt Rockerz, 400",944.16,8,0.0,396.48
284,CN-2016-0000284,2016/2/13,2016/2/18,二级,AGUAYQHARAKR,PriyaMansiPl,消费者,边庄,山东,中国,华东,B085DTN6R2,Computers|Accessories,Computers|Accessories,"Portronics Konnect, CL",542.78,1,0.0,184.52
285,CN-2016-0000285,2016/2/13,2016/2/18,二级,AGUAYQHARAKR,PriyaMansiPl,消费者,边庄,山东,中国,华东,B085DTN6R2,Computers|Accessories,Computers|Accessories,"Portronics Konnect, CL",542.78,1,0.0,184.52
286,CN-2016-0000286,2016/2/13,2016/2/18,二级,AFF3MID2VKCR,VishalBhardw,消费者,边庄,山东,中国,华东,B08BQ947H3,Computers|Accessories,Computers|Accessories,"LIRAMARK Webcam, Cover",745.08,2,0.0,260.68
287,CN-2016-0000287,2016/2/13,2016/2/18,二级,AFF3MID2VKCR,VishalBhardw,消费者,边庄,山东,中国,华东,B08BQ947H3,Computers|Accessories,Computers|Accessories,"LIRAMARK Webcam, Cover",745.08,2,0.0,260.68
288,CN-2016-0000288,2016/2/13,2016/2/18,二级,AEO5FHWNOSFB,adityad.Para,消费者,边庄,山东,中国,华东,B085194JFL,Electronics|HomeTheater,Electronics|HomeTheater,"tizum HDMI, to",1680.7,7,0.0,386.12
289,CN-2016-0000289,2016/2/13,2016/2/18,二级,AEO5FHWNOSFB,adityad.Para,消费者,边庄,山东,中国,华东,B085194JFL,Electronics|HomeTheater,Electronics|HomeTheater,"tizum HDMI, to",1680.7,7,0.0,386.12
290,CN-2016-0000290,2016/2/13,2016/2/18,二级,AEQ2YMXSZWEO,JayeshRajesh,消费者,边庄,山东,中国,华东,B08Y1SJVV5,Computers|Accessories,Computers|Accessories,"pTron Solero, MB301",355.6,2,0.0,7.0
291,CN-2016-0000291,2016/2/13,2016/2/18,二级,AEQ2YMXSZWEO,JayeshRajesh,消费者,边庄,山东,中国,华东,B08Y1SJVV5,Computers|Accessories,Computers|Accessories,"pTron Solero, MB301",355.6,2,0.0,7.0
292,CN-2016-0000292,2016/2/13,2016/2/15,一级,AEAX7BRPDS3N,AkJiteshanil,消费者,大庆,黑龙江,中国,东北,B0B9BD2YL4,Electronics|Mobiles&Accessories,Electronics|Mobiles&Accessories,"KINGONE Wireless, Charging",2079.0,6,0.0,602.28
293,CN-2016-0000293,2016/2/13,2016/2/15,一级,AEAX7BRPDS3N,AkJiteshanil,消费者,大庆,黑龙江,中国,东北,B0B9BD2YL4,Electronics|Mobiles&Accessories,Electronics|Mobiles&Accessories,"KINGONE Wireless, Charging",2079.0,6,0.0,602.28
294,CN-2016-0000294,2016/2/13,2016/2/15,一级,AH2OARRWRYKQ,RahulSinghRa,消费者,大庆,黑龙江,中国,东北,B09YV4RG4D,Electronics|Wearable,Electronics|Wearable,"Fire-Boltt Ninja, 3",1104.32,8,0.0,253.12
295,CN-2016-0000295,2016/2/13,2016/2/15,一级,AH2OARRWRYKQ,RahulSinghRa,消费者,大庆,黑龙江,中国,东北,B09YV4RG4D,Electronics|Wearable,Electronics|Wearable,"Fire-Boltt Ninja, 3",1104.32,8,0.0,253.12
296,CN-2016-0000296,2016/2/13,2016/2/15,一级,AECPFYFQVRUW,ArdKnNirbhay,消费者,大庆,黑龙江,中国,东北,B082LSVT4B,Computers|Accessories,Computers|Accessories,"Ambrane Unbreakable, 60W",3204.88,4,0.0,1281.84
297,CN-2016-0000297,2016/2/14,2016/2/14,当日,AHEVO4Q5NM4Y,RahmanAliMAR,公司,东莞,广东,中国,中南,B09F6S8BT6,Electronics|HomeTheater,Electronics|HomeTheater,"Samsung 80, cm",736.26,3,0.0,198.66
298,CN-2016-0000298,2016/2/14,2016/2/18,标准级,AECPFYFQVRUW,ArdKnNirbhay,消费者,广元,四川,中国,西南,B098NS6PVG,Computers|Accessories,Computers|Accessories,"Ambrane Unbreakable, 60W",140.112,3,0.4,-23.688
299,CN-2016-0000299,2016/2/14,2016/2/18,标准级,AHMKXORT3VNM,PratyushPahu,消费者,广元,四川,中国,西南,B08QSC1XY8,Computers|Accessories,Computers|Accessories,"Zoul USB, C",2677.92,12,0.0,1097.04
300,CN-2016-0000300,2016/2/14,2016/2/18,标准级,AHMKXORT3VNM,PratyushPahu,消费者,广元,四川,中国,西南,B08QSC1XY8,Computers|Accessories,Computers|Accessories,"Zoul USB, C",2677.92,12,0.0,1097.04
301,CN-2016-0000301,2016/2/14,2016/2/18,标准级,AEBHZQJ4R2TZ,VinayAmazonC,消费者,石家庄,河北,中国,华北,B0B2DJDCPX,Computers|Accessories,Computers|Accessories,"SWAPKART Fast, Charging",911.68,4,0.0,118.16
302,CN-2016-0000302,2016/2/14,2016/2/18,标准级,AEBHZQJ4R2TZ,VinayAmazonC,消费者,石家庄,河北,中国,华北,B0B2DJDCPX,Computers|Accessories,Computers|Accessories,"SWAPKART Fast, Charging",911.68,4,0.0,118.16
303,CN-2016-0000303,2016/2/15,2016/2/18,一级,AFBVVELP4GVF,AndyDeepakKa,小型企业,梨树,吉林,中国,东北,B09MQSCJQ1,Electronics|Wearable,Electronics|Wearable,"boAt Xtend, Smartwatch",445.2,4,0.0,213.36
304,CN-2016-0000304,2016/2/15,2016/2/18,一级,AFBVVELP4GVF,AndyDeepakKa,小型企业,梨树,吉林,中国,东北,B09MQSCJQ1,Electronics|Wearable,Electronics|Wearable,"boAt Xtend, Smartwatch",445.2,4,0.0,213.36
305,CN-2016-0000305,2016/2/15,2016/2/18,一级,AGU76WKSU62D,ActualuserSh,小型企业,梨树,吉林,中国,东北,B09YLXYP7Y,Computers|Accessories,Computers|Accessories,"Ambrane 60W, /",165.2,4,0.0,1.12
306,CN-2016-0000306,2016/2/15,2016/2/18,一级,AGU76WKSU62D,ActualuserSh,小型企业,梨树,吉林,中国,东北,B09YLXYP7Y,Computers|Accessories,Computers|Accessories,"Ambrane 60W, /",165.2,4,0.0,1.12
307,CN-2016-0000307,2016/2/15,2016/2/18,一级,AF42EMTPEJAL,pruthvinatra,小型企业,梨树,吉林,中国,东北,B0994GFWBH,Computers|Accessories,Computers|Accessories,"Lapster 1.5, mtr",253.96,2,0.0,78.68
308,CN-2016-0000308,2016/2/15,2016/2/17,二级,AFNYIBWKJLJQ,Prasannavija,公司,成都,四川,中国,西南,B09C6HXFC1,Computers|Accessories,Computers|Accessories,"Duracell USB, Lightning",467.376,1,0.4,-288.344
309,CN-2016-0000309,2016/2/15,2016/2/17,二级,AFNYIBWKJLJQ,Prasannavija,公司,成都,四川,中国,西南,B09C6HXFC1,Computers|Accessories,Computers|Accessories,"Duracell USB, Lightning",467.376,1,0.4,-288.344
310,CN-2016-0000310,2016/2/15,2016/2/17,二级,AE2OFVZSIE6K,AjitKumarRai,公司,成都,四川,中国,西南,B07DJLFMPS,Electronics|Accessories,Electronics|Accessories,"HP 32GB, Class",527.52,2,0.4,-228.76
311,CN-2016-0000311,2016/2/15,2016/2/17,二级,AE2OFVZSIE6K,AjitKumarRai,公司,成都,四川,中国,西南,B07DJLFMPS,Electronics|Accessories,Electronics|Accessories,"HP 32GB, Class",527.52,2,0.4,-228.76
312,CN-2016-0000312,2016/2/16,2016/2/21,二级,AF42EMTPEJAL,pruthvinatra,公司,营口,辽宁,中国,东北,B0994GFWBH,Computers|Accessories,Computers|Accessories,"Lapster 1.5, mtr",78.456,2,0.4,-28.784
313,CN-2016-0000313,2016/2/16,2016/2/21,二级,AF42EMTPEJAL,pruthvinatra,公司,营口,辽宁,中国,东北,B0994GFWBH,Computers|Accessories,Computers|Accessories,"Lapster 1.5, mtr",78.456,2,0.4,-28.784
314,CN-2016-0000314,2016/2/16,2016/2/21,二级,AECPFYFQVRUW,ArdKnNirbhay,公司,营口,辽宁,中国,东北,B098NS6PVG,Computers|Accessories,Computers|Accessories,"Ambrane Unbreakable, 60W",481.992,2,0.4,15.792
315,CN-2016-0000315,2016/2/16,2016/2/21,二级,AECPFYFQVRUW,ArdKnNirbhay,公司,营口,辽宁,中国,东北,B098NS6PVG,Computers|Accessories,Computers|Accessories,"Ambrane Unbreakable, 60W",481.992,2,0.4,15.792
316,CN-2016-0000316,2016/2/16,2016/2/21,二级,AG2WVO7W7ODQ,SnehaSuyalMa,公司,营口,辽宁,中国,东北,B08K4PSZ3V,Electronics|Mobiles&Accessories,Electronics|Mobiles&Accessories,"Tukzer Capacitive, Stylus",25.368,2,0.4,-6.832
317,CN-2016-0000317,2016/2/16,2016/2/21,二级,AG2WVO7W7ODQ,SnehaSuyalMa,公司,营口,辽宁,中国,东北,B08K4PSZ3V,Electronics|Mobiles&Accessories,Electronics|Mobiles&Accessories,"Tukzer Capacitive, Stylus",25.368,2,0.4,-6.832
318,CN-2016-0000318,2016/2/17,2016/2/22,标准级,AGPBZBEFPFL6,PrasadPavith,消费者,长沙,湖南,中国,中南,B09V12K8NT,Electronics|Wearable,Electronics|Wearable,"boAt Wave, Lite",476.28,6,0.0,152.04
319,CN-2016-0000319,2016/2/17,2016/2/22,标准级,AGPBZBEFPFL6,PrasadPavith,消费者,长沙,湖南,中国,中南,B09V12K8NT,Electronics|Wearable,Electronics|Wearable,"boAt Wave, Lite",476.28,6,0.0,152.04
320,CN-2016-0000320,2016/2/17,2016/2/20,一级,AFDCSF36NJYX,ArunS.Jeevan,公司,宁波,浙江,中国,华东,B08CDKQ8T6,Computers|Accessories,Computers|Accessories,"Portronics Konnect, L",133.056,4,0.4,10.976
321,CN-2016-0000321,2016/2/17,2016/2/20,一级,AFDCSF36NJYX,ArunS.Jeevan,公司,宁波,浙江,中国,华东,B08CDKQ8T6,Computers|Accessories,Computers|Accessories,"Portronics Konnect, L",133.056,4,0.4,10.976
322,CN-2016-0000322,2016/2/17,2016/2/24,标准级,AGA2PZGWMQIR,nileshEAGLEM,消费者,济宁,山东,中国,华东,B002PD61Y4,Computers|NetworkingDevices,Computers|NetworkingDevices,"D-Link DWA-131, 300",784.0,7,0.0,258.72
323,CN-2016-0000323,2016/2/17,2016/2/24,标准级,AGA2PZGWMQIR,nileshEAGLEM,消费者,济宁,山东,中国,华东,B002PD61Y4,Computers|NetworkingDevices,Computers|NetworkingDevices,"D-Link DWA-131, 300",784.0,7,0.0,258.72
324,CN-2016-0000324,2016/2/17,2016/2/21,二级,AHIKJUDTVJ4T,SatoruNo,公司,天津,天津,中国,华北,B09NHVCHS9,Computers|Accessories,Computers|Accessories,"Flix Micro, Usb",1302.56,8,0.0,155.68
325,CN-2016-0000325,2016/2/17,2016/2/21,二级,AHIKJUDTVJ4T,SatoruNo,公司,天津,天津,中国,华北,B09NHVCHS9,Computers|Accessories,Computers|Accessories,"Flix Micro, Usb",1302.56,8,0.0,155.68
326,CN-2016-0000326,2016/2/19,2016/2/21,二级,AEIYWH2ASVIR,RakeshRoshan,消费者,广元,四川,中国,西南,B07WG8PDCW,Electronics|Mobiles&Accessories,Electronics|Mobiles&Accessories,"pTron Bullet, Pro",1263.276,9,0.4,-316.764
327,CN-2016-0000327,2016/2/19,2016/2/21,二级,AEIYWH2ASVIR,RakeshRoshan,消费者,广元,四川,中国,西南,B07WG8PDCW,Electronics|Mobiles&Accessories,Electronics|Mobiles&Accessories,"pTron Bullet, Pro",1263.276,9,0.4,-316.764
328,CN-2016-0000328,2016/2/19,2016/2/21,二级,AEGZSNGSJJAE,VijayanCVSan,消费者,广元,四川,中国,西南,B08R69VDHT,Computers|Accessories,Computers|Accessories,"Pinnaclz Original, Combo",61.152,2,0.4,-34.888
329,CN-2016-0000329,2016/2/19,2016/2/21,二级,AEGZSNGSJJAE,VijayanCVSan,消费者,广元,四川,中国,西南,B08R69VDHT,Computers|Accessories,Computers|Accessories,"Pinnaclz Original, Combo",61.152,2,0.4,-34.888
330,CN-2016-0000330,2016/2/20,2016/2/24,二级,AFAKEZV7KMVT,VikrantGanes,小型企业,昆明,云南,中国,西南,B07RD611Z8,Electronics|Mobiles&Accessories,Electronics|Mobiles&Accessories,"Ambrane 20000mAh, Power",524.16,8,0.0,4.48
331,CN-2016-0000331,2016/2/20,2016/2/24,二级,AFAKEZV7KMVT,VikrantGanes,小型企业,昆明,云南,中国,西南,B07RD611Z8,Electronics|Mobiles&Accessories,Electronics|Mobiles&Accessories,"Ambrane 20000mAh, Power",524.16,8,0.0,4.48
332,CN-2016-0000332,2016/2/20,2016/2/24,二级,AGKL2QQZYTI6,SoumendraPat,小型企业,昆明,云南,中国,西南,B09MT84WV5,Electronics|Accessories,Electronics|Accessories,"Samsung EVO, Plus",6400.38,7,0.0,2815.54
333,CN-2016-0000333,2016/2/20,2016/2/24,二级,AGKL2QQZYTI6,SoumendraPat,小型企业,昆明,云南,中国,西南,B09MT84WV5,Electronics|Accessories,Electronics|Accessories,"Samsung EVO, Plus",6400.38,7,0.0,2815.54
334,CN-2016-0000334,2016/2/20,2016/2/24,二级,AEQ2YMXSZWEO,JayeshRajesh,小型企业,昆明,云南,中国,西南,B08Y1TFSP6,Computers|Accessories,Computers|Accessories,"pTron Solero, TB301",117.6,1,0.0,5.88
335,CN-2016-0000335,2016/2/20,2016/2/24,二级,AEQ2YMXSZWEO,JayeshRajesh,小型企业,昆明,云南,中国,西南,B08Y1TFSP6,Computers|Accessories,Computers|Accessories,"pTron Solero, TB301",117.6,1,0.0,5.88
336,CN-2016-0000336,2016/2/20,2016/2/24,二级,AGBX233C7B7D,PravinKumarM,小型企业,昆明,云南,中国,西南,B00NH11PEY,Computers|Accessories,Computers|Accessories,"AmazonBasics USB, 2.0",1575.56,2,0.0,189.0
337,CN-2016-0000337,2016/2/20,2016/2/24,二级,AGBX233C7B7D,PravinKumarM,小型企业,昆明,云南,中国,西南,B00NH11PEY,Computers|Accessories,Computers|Accessories,"AmazonBasics USB, 2.0",1575.56,2,0.0,189.0
338,CN-2016-0000338,2016/2/20,2016/2/25,标准级,AEBHZQJ4R2TZ,VinayAmazonC,消费者,苏州,江苏,中国,华东,B0B2DJDCPX,Computers|Accessories,Computers|Accessories,"SWAPKART Fast, Charging",190.176,4,0.4,-15.904
339,CN-2016-0000339,2016/2/20,2016/2/25,标准级,AEBHZQJ4R2TZ,VinayAmazonC,消费者,苏州,江苏,中国,华东,B0B2DJDCPX,Computers|Accessories,Computers|Accessories,"SWAPKART Fast, Charging",190.176,4,0.4,-15.904
340,CN-2016-0000340,2016/2/20,2016/2/25,标准级,AG3D6O4STAQK,ManavAdarshg,消费者,苏州,江苏,中国,华东,B07JW9H4J1,Computers|Accessories,Computers|Accessories,"Wayona Nylon, Braided",697.62,3,0.0,230.16
341,CN-2016-0000341,2016/2/20,2016/2/25,标准级,AG3D6O4STAQK,ManavAdarshg,消费者,苏州,江苏,中国,华东,B07JW9H4J1,Computers|Accessories,Computers|Accessories,"Wayona Nylon, Braided",697.62,3,0.0,230.16
342,CN-2016-0000342,2016/2/20,2016/2/25,标准级,AGE6O2NLNA3N,Satyanarayan,消费者,苏州,江苏,中国,华东,B0B5ZF3NRK,Computers|Accessories,Computers|Accessories,"CEDO 65W, OnePlus",879.48,1,0.4,-322.56
343,CN-2016-0000343,2016/2/20,2016/2/25,标准级,AHBNKB74LGTY,NIRMAL.NMano,消费者,苏州,江苏,中国,华东,B08DPLCM6T,Electronics|HomeTheater,Electronics|HomeTheater,"LG 80, cm",68.376,6,0.8,-215.544
344,CN-2016-0000344,2016/2/20,2016/2/25,标准级,AHBNKB74LGTY,NIRMAL.NMano,消费者,苏州,江苏,中国,华东,B08DPLCM6T,Electronics|HomeTheater,Electronics|HomeTheater,"LG 80, cm",68.376,6,0.8,-215.544
345,CN-2016-0000345,2016/2/20,2016/2/25,标准级,AGVUE2NFN2MQ,YashpreetSin,消费者,苏州,江苏,中国,华东,B01M4GGIVU,Electronics|HomeTheater,Electronics|HomeTheater,"Tizum High, Speed",1431.612,3,0.4,-334.068
346,CN-2016-0000346,2016/2/20,2016/2/26,标准级,AG2WVO7W7ODQ,SnehaSuyalMa,消费者,蚌埠,安徽,中国,华东,B08K4PSZ3V,Electronics|Mobiles&Accessories,Electronics|Mobiles&Accessories,"Tukzer Capacitive, Stylus",10085.88,6,0.0,3529.68
347,CN-2016-0000347,2016/2/20,2016/2/26,标准级,AG2WVO7W7ODQ,SnehaSuyalMa,消费者,蚌埠,安徽,中国,华东,B08K4PSZ3V,Electronics|Mobiles&Accessories,Electronics|Mobiles&Accessories,"Tukzer Capacitive, Stylus",10085.88,6,0.0,3529.68
348,CN-2016-0000348,2016/2/21,2016/2/25,标准级,AFJVYK4FXVGR,livinsebiAna,公司,宁海,山东,中国,华东,B09RWZRCP1,Computers|Accessories,Computers|Accessories,"boAt Type, C",812.28,3,0.0,406.14
349,CN-2016-0000349,2016/2/21,2016/2/25,标准级,AF477BP57JM7,Placeholder,公司,宁海,山东,中国,华东,B0B4HJNPV4,Computers|Accessories,Computers|Accessories,"pTron Solero, T351",200.48,4,0.0,38.08
350,CN-2016-0000350,2016/2/22,2016/3/2,标准级,AHMKXORT3VNM,PratyushPahu,公司,朝阳,辽宁,中国,东北,B08QSC1XY8,Computers|Accessories,Computers|Accessories,"Zoul USB, C",394.688,4,0.2,-24.752
351,CN-2016-0000351,2016/2/22,2016/3/2,标准级,AHMKXORT3VNM,PratyushPahu,公司,朝阳,辽宁,中国,东北,B08QSC1XY8,Computers|Accessories,Computers|Accessories,"Zoul USB, C",394.688,4,0.2,-24.752
352,CN-2016-0000352,2016/2/22,2016/2/27,二级,AEJQT5NMTAM2,DeepankarG.B,消费者,西昌,四川,中国,西南,B09YV4MW2T,Electronics|Wearable,Electronics|Wearable,"Fire-Boltt India's, No",232.4,1,0.0,71.96
353,CN-2016-0000353,2016/2/22,2016/2/27,二级,AEJQT5NMTAM2,DeepankarG.B,消费者,西昌,四川,中国,西南,B09YV4MW2T,Electronics|Wearable,Electronics|Wearable,"Fire-Boltt India's, No",232.4,1,0.0,71.96
354,CN-2016-0000354,2016/2/22,2016/2/27,二级,AEQ2YMXSZWEO,JayeshRajesh,消费者,西昌,四川,中国,西南,B08Y1TFSP6,Computers|Accessories,Computers|Accessories,"pTron Solero, TB301",343.14,3,0.0,16.8
355,CN-2016-0000355,2016/2/22,2016/2/27,二级,AEQ2YMXSZWEO,JayeshRajesh,消费者,西昌,四川,中国,西南,B08Y1TFSP6,Computers|Accessories,Computers|Accessories,"pTron Solero, TB301",343.14,3,0.0,16.8
356,CN-2016-0000356,2016/2/22,2016/2/27,二级,AEKSR7FVH2XR,SamarKumarDa,消费者,西昌,四川,中国,西南,B078G6ZF5Z,Electronics|Mobiles&Accessories,Electronics|Mobiles&Accessories,"Oraimo 18W, USB",383.46,3,0.0,87.78
357,CN-2016-0000357,2016/2/22,2016/2/27,二级,AEKSR7FVH2XR,SamarKumarDa,消费者,西昌,四川,中国,西南,B078G6ZF5Z,Electronics|Mobiles&Accessories,Electronics|Mobiles&Accessories,"Oraimo 18W, USB",383.46,3,0.0,87.78
358,CN-2016-0000358,2016/2/23,2016/2/26,二级,AGHYCMV7RJ5D,RishabhAmazo,消费者,泰州,江苏,中国,华东,B09CMM3VGK,Computers|Accessories,Computers|Accessories,"Ambrane 60W, /",444.528,3,0.4,-140.952
359,CN-2016-0000359,2016/2/23,2016/2/26,二级,AGHYCMV7RJ5D,RishabhAmazo,消费者,泰州,江苏,中国,华东,B09CMM3VGK,Computers|Accessories,Computers|Accessories,"Ambrane 60W, /",444.528,3,0.4,-140.952
360,CN-2016-0000360,2016/2/24,2016/3/1,标准级,AECPFYFQVRUW,ArdKnNirbhay,消费者,威宁,贵州,中国,西南,B082LZGK39,Computers|Accessories,Computers|Accessories,"Ambrane Unbreakable, 60W",2059.26,3,0.0,246.96
361,CN-2016-0000361,2016/2/24,2016/3/1,标准级,AECPFYFQVRUW,ArdKnNirbhay,消费者,威宁,贵州,中国,西南,B082LZGK39,Computers|Accessories,Computers|Accessories,"Ambrane Unbreakable, 60W",2059.26,3,0.0,246.96
362,CN-2016-0000362,2016/2/24,2016/3/2,标准级,AGYLPKPZHVYK,TanyaAnuAksh,公司,天津,天津,中国,华北,B08CF3D7QR,Computers|Accessories,Computers|Accessories,"Portronics Konnect, L",5135.76,3,0.0,1437.66
363,CN-2016-0000363,2016/2/24,2016/3/2,标准级,AGYLPKPZHVYK,TanyaAnuAksh,公司,天津,天津,中国,华北,B08CF3D7QR,Computers|Accessories,Computers|Accessories,"Portronics Konnect, L",5135.76,3,0.0,1437.66
364,CN-2016-0000364,2016/2/24,2016/3/2,标准级,AHFENRYJG4LP,Nadhiyarasan,公司,天津,天津,中国,华北,B0BMXMLSMM,Computers|Accessories,Computers|Accessories,"Lapster 65W, compatible",2147.88,6,0.0,987.84
365,CN-2016-0000365,2016/2/24,2016/3/2,标准级,AHFENRYJG4LP,Nadhiyarasan,公司,天津,天津,中国,华北,B0BMXMLSMM,Computers|Accessories,Computers|Accessories,"Lapster 65W, compatible",2147.88,6,0.0,987.84
366,CN-2016-0000366,2016/2/24,2016/3/2,标准级,AECPFYFQVRUW,ArdKnNirbhay,公司,天津,天津,中国,华北,B082LSVT4B,Computers|Accessories,Computers|Accessories,"Ambrane Unbreakable, 60W",124.32,3,0.0,14.7
367,CN-2016-0000367,2016/2/24,2016/3/2,标准级,AECPFYFQVRUW,ArdKnNirbhay,公司,天津,天津,中国,华北,B082LSVT4B,Computers|Accessories,Computers|Accessories,"Ambrane Unbreakable, 60W",124.32,3,0.0,14.7
368,CN-2016-0000368,2016/2/27,2016/3/2,二级,AHUGCKS7YANT,yogitaratreA,公司,朝阳,辽宁,中国,东北,B0B3RSDSZ3,Electronics|Wearable,Electronics|Wearable,"Fire-Boltt Phoenix, Smart",764.904,2,0.4,-89.376
369,CN-2016-0000369,2016/3/1,2016/3/6,标准级,AGH3POHLPXAB,nisarPralipt,小型企业,淮南,安徽,中国,华东,B0B4DT8MKT,Computers|Accessories,Computers|Accessories,"Wecool Unbreakable, 3",3799.46,7,0.0,1291.64
370,CN-2016-0000370,2016/3/1,2016/3/6,标准级,AGH3POHLPXAB,nisarPralipt,小型企业,淮南,安徽,中国,华东,B0B4DT8MKT,Computers|Accessories,Computers|Accessories,"Wecool Unbreakable, 3",3799.46,7,0.0,1291.64
371,CN-2016-0000371,2016/3/1,2016/3/6,标准级,AHZWJCVEIEI7,AmazonCustom,小型企业,淮南,安徽,中国,华东,B09W5XR9RT,Computers|Accessories,Computers|Accessories,"Duracell USB, C",15948.24,6,0.0,6219.36
372,CN-2016-0000372,2016/3/1,2016/3/4,二级,AEITVIFC7WZA,harpreetYKir,消费者,武汉,湖北,中国,中南,B01GGKZ0V6,Computers|Accessories,Computers|Accessories,"AmazonBasics USB, Type-C",80.472,2,0.4,-12.208
373,CN-2016-0000373,2016/3/1,2016/3/4,二级,AEITVIFC7WZA,harpreetYKir,消费者,武汉,湖北,中国,中南,B01GGKZ0V6,Computers|Accessories,Computers|Accessories,"AmazonBasics USB, Type-C",80.472,2,0.4,-12.208
374,CN-2016-0000374,2016/3/1,2016/3/4,二级,AGHYCMV7RJ5D,RishabhAmazo,消费者,武汉,湖北,中国,中南,B09CMM3VGK,Computers|Accessories,Computers|Accessories,"Ambrane 60W, /",121.968,3,0.4,-34.692
375,CN-2016-0000375,2016/3/2,2016/3/4,一级,AGMJ6TDLOVZI,SQLARUNKUMAR,消费者,合肥,安徽,中国,华东,B0141EZMAI,Computers|NetworkingDevices,Computers|NetworkingDevices,"Gizga Essentials, USB",418.74,3,0.0,141.96
376,CN-2016-0000376,2016/3/2,2016/3/4,一级,AGMJ6TDLOVZI,SQLARUNKUMAR,消费者,合肥,安徽,中国,华东,B0141EZMAI,Computers|NetworkingDevices,Computers|NetworkingDevices,"Gizga Essentials, USB",418.74,3,0.0,141.96
377,CN-2016-0000377,2016/3/2,2016/3/4,一级,AEC6UDCEAUIB,venkateshkgR,消费者,合肥,安徽,中国,华东,B0BF4YBLPX,Electronics|Wearable,Electronics|Wearable,"Fire-Boltt Ninja, Call",417.2,5,0.0,116.2
378,CN-2016-0000378,2016/3/2,2016/3/9,标准级,AHDFR3PDKEBV,AnonymousSug,消费者,汉沽,天津,中国,华北,B07P681N66,Computers|NetworkingDevices,Computers|NetworkingDevices,"TP-Link AC600, 600",162.12,3,0.0,23.94
379,CN-2016-0000379,2016/3/2,2016/3/9,标准级,AHDFR3PDKEBV,AnonymousSug,消费者,汉沽,天津,中国,华北,B07P681N66,Computers|NetworkingDevices,Computers|NetworkingDevices,"TP-Link AC600, 600",162.12,3,0.0,23.94
380,CN-2016-0000380,2016/3/2,2016/3/9,标准级,AHGRRV5SETS3,PrinceySubod,消费者,汉沽,天津,中国,华北,B09HK9JH4F,Electronics|HomeTheater,Electronics|HomeTheater,"Smashtronics庐 -, Case",576.1,1,0.0,126.7
381,CN-2016-0000381,2016/3/2,2016/3/9,标准级,AHGRRV5SETS3,PrinceySubod,消费者,汉沽,天津,中国,华北,B09HK9JH4F,Electronics|HomeTheater,Electronics|HomeTheater,"Smashtronics庐 -, Case",576.1,1,0.0,126.7
382,CN-2016-0000382,2016/3/2,2016/3/9,标准级,AFHFQB5UN57H,AbyJimsonPra,消费者,汉沽,天津,中国,华北,B09V12K8NT,Electronics|Wearable,Electronics|Wearable,"boAt Wave, Lite",242.48,2,0.0,43.4
383,CN-2016-0000383,2016/3/2,2016/3/9,标准级,AFHFQB5UN57H,AbyJimsonPra,消费者,汉沽,天津,中国,华北,B09V12K8NT,Electronics|Wearable,Electronics|Wearable,"boAt Wave, Lite",242.48,2,0.0,43.4
384,CN-2016-0000384,2016/3/2,2016/3/9,标准级,AF3JE3MHGVCO,RanjithaPari,消费者,汉沽,天津,中国,华北,B09NVPSCQT,Electronics|Wearable,Electronics|Wearable,"Noise ColorFit, Pulse",643.44,3,0.0,257.04
385,CN-2016-0000385,2016/3/2,2016/3/9,标准级,AF3JE3MHGVCO,RanjithaPari,消费者,汉沽,天津,中国,华北,B09NVPSCQT,Electronics|Wearable,Electronics|Wearable,"Noise ColorFit, Pulse",643.44,3,0.0,257.04
386,CN-2016-0000386,2016/3/3,2016/3/5,二级,AEJQT5NMTAM2,DeepankarG.B,小型企业,重庆,重庆,中国,西南,B09YV4MW2T,Electronics|Wearable,Electronics|Wearable,"Fire-Boltt India's, No",1052.352,2,0.2,-263.088
387,CN-2016-0000387,2016/3/3,2016/3/8,标准级,AGU3BBQ2V2DD,KunalHimansh,公司,常德,湖南,中国,中南,B096MSW6CT,Computers|Accessories,Computers|Accessories,"Sounce Fast, Phone",7639.128,4,0.1,1103.368
388,CN-2016-0000388,2016/3/3,2016/3/8,标准级,AGU3BBQ2V2DD,KunalHimansh,公司,常德,湖南,中国,中南,B096MSW6CT,Computers|Accessories,Computers|Accessories,"Sounce Fast, Phone",7639.128,4,0.1,1103.368
389,CN-2016-0000389,2016/3/3,2016/3/8,标准级,AG3D6O4STAQK,ManavAdarshg,公司,常德,湖南,中国,中南,B07JW9H4J1,Computers|Accessories,Computers|Accessories,"Wayona Nylon, Braided",2963.1,3,0.0,651.84
390,CN-2016-0000390,2016/3/3,2016/3/8,标准级,AG3D6O4STAQK,ManavAdarshg,公司,常德,湖南,中国,中南,B07JW9H4J1,Computers|Accessories,Computers|Accessories,"Wayona Nylon, Braided",2963.1,3,0.0,651.84
391,CN-2016-0000391,2016/3/4,2016/3/9,标准级,AHPYDFW6Y3FI,AVMathankuma,消费者,天津,天津,中国,华北,B0B5B6PQCT,Electronics|Wearable,Electronics|Wearable,"boAt Wave, Call",1366.4,4,0.0,505.12
392,CN-2016-0000392,2016/3/4,2016/3/9,标准级,AHPYDFW6Y3FI,AVMathankuma,消费者,天津,天津,中国,华北,B0B5B6PQCT,Electronics|Wearable,Electronics|Wearable,"boAt Wave, Call",1366.4,4,0.0,505.12
393,CN-2016-0000393,2016/3/4,2016/3/9,标准级,AECPFYFQVRUW,ArdKnNirbhay,公司,洛阳,广东,中国,中南,B098NS6PVG,Computers|Accessories,Computers|Accessories,"Ambrane Unbreakable, 60W",478.1,5,0.0,42.7
394,CN-2016-0000394,2016/3/8,2016/3/12,标准级,AF36YUJUEUU3,VipanAgnihot,公司,福州,福建,中国,华东,B0BFWGBX61,Computers|Accessories,Computers|Accessories,"Ambrane Unbreakable, 3A",523.04,8,0.0,94.08
395,CN-2016-0000395,2016/3/8,2016/3/12,标准级,AF36YUJUEUU3,VipanAgnihot,公司,福州,福建,中国,华东,B0BFWGBX61,Computers|Accessories,Computers|Accessories,"Ambrane Unbreakable, 3A",523.04,8,0.0,94.08
396,CN-2016-0000396,2016/3/8,2016/3/12,标准级,AHZWJCVEIEI7,AmazonCustom,公司,福州,福建,中国,华东,B09W5XR9RT,Computers|Accessories,Computers|Accessories,"Duracell USB, C",1794.66,3,0.0,215.04
397,CN-2016-0000397,2016/3/8,2016/3/12,标准级,AHZWJCVEIEI7,AmazonCustom,公司,福州,福建,中国,华东,B09W5XR9RT,Computers|Accessories,Computers|Accessories,"Duracell USB, C",1794.66,3,0.0,215.04
